abbreviation,smiles,population
Me,*C,393760
Et,*CC,33361
Pr,*CCC,5951
nPr,*CCC,1130
n-Pr,*CCC,1111
(n)Pr,*CCC,0
iPr,*C(C)C,6757
i-Pr,*C(C)C,5222
(i)Pr,*C(C)C,10
Pri,*C(C)C,552
Pr-i,*C(C)C,165
Bu,*CCCC,12961
nBu,*CCCC,2020
n-Bu,*CCCC,2558
(n)Bu,*CCCC,21
sBu,*C(C)CC,276
s-Bu,*C(C)CC,101
(s)Bu,*C(C)CC,0
iBu,*CC(C)C,686
i-Bu,*CC(C)C,415
(i)Bu,*CC(C)C,0
tBu,*C(C)(C)C,18385
t-Bu,*C(C)(C)C,24411
(t)Bu,*C(C)(C)C,126
But,*C(C)(C)C,793
Bu-t,*C(C)(C)C,378
C2H5,*CC,31683
C3H7,*CCC,12846
nC3H7,*CCC,25
n-C3H7,*CCC,3492
C3H7n,*CCC,10
C3H7-n,*CCC,158
(n)C3H7,*CCC,18
C3H7(n),*CCC,64
iC3H7,*C(C)C,48
i-C3H7,*C(C)C,158
C3H7i,*C(C)C,6
C3H7-i,*C(C)C,88
(i)C3H7,*C(C)C,158
C3H7(i),*C(C)C,222
C4H9,*CCCC,7672
nC4H9,*CCCC,105
n-C4H9,*CCCC,998
C4H9n,*CCCC,33
C4H9-n,*CCCC,156
(n)C4H9,*CCCC,130
C4H9(n),*CCCC,281
sC4H9,*C(C)CC,0
s-C4H9,*C(C)CC,4
C4H9s,*C(C)CC,0
C4H9-s,*C(C)CC,14
(s)C4H9,*C(C)CC,1
C4H9(s),*C(C)CC,3
iC4H9,*CC(C)C,54
i-C4H9,*CC(C)C,14
C4H9i,*CC(C)C,1
C4H9-i,*CC(C)C,11
(i)C4H9,*CC(C)C,20
C4H9(i),*CC(C)C,7
tC4H9,*C(C)(C)C,339
t-C4H9,*C(C)(C)C,1481
C4H9t,*C(C)(C)C,59
C4H9-t,*C(C)(C)C,191
(t)C4H9,*C(C)(C)C,1129
C4H9(t),*C(C)(C)C,2270
C5H11,*CCCCC,2635
nC5H11,*CCCCC,25
n-C5H11,*CCCCC,863
C5H11n,*CCCCC,2
C5H11-n,*CCCCC,31
(n)C5H11,*CCCCC,5
C5H11(n),*CCCCC,13
tC5H11,*C(C)(C)CC,80
t-C5H11,*C(C)(C)CC,173
C5H11t,*C(C)(C)CC,12
C5H11-t,*C(C)(C)CC,447
(t)C5H11,*C(C)(C)CC,348
C5H11(t),*C(C)(C)CC,1380
C6H13,*CCCCCC,3319
C7H15,*CCCCCCC,1274
C8H17,*CCCCCCCC,1017
C9H19,*CCCCCCCCC,760
C10H21,*CCCCCCCCCC,181
C11H23,*CCCCCCCCCCC,362
C12H25,*CCCCCCCCCCCC,3614
C13H27,*CCCCCCCCCCCCC,658
C14H29,*CCCCCCCCCCCCCC,636
C15H31,*CCCCCCCCCCCCCCC,381
C16H33,*CCCCCCCCCCCCCCCC,704
C17H35,*CCCCCCCCCCCCCCCCC,383
C18H37,*CCCCCCCCCCCCCCCCCC,793
C19H39,*CCCCCCCCCCCCCCCCCCC,67
C20H41,*CCCCCCCCCCCCCCCCCCCC,14
C21H43,*CCCCCCCCCCCCCCCCCCCCC,43
C22H45,*CCCCCCCCCCCCCCCCCCCCCC,183
C23H47,*CCCCCCCCCCCCCCCCCCCCCCC,13
C24H49,*CCCCCCCCCCCCCCCCCCCCCCCC,17
C25H51,*CCCCCCCCCCCCCCCCCCCCCCCCC,36
H5C2,*CC,1619
H7C3,*CCC,243
nH7C3,*CCC,0
n-H7C3,*CCC,6
(n)H7C3,*CCC,1
iH7C3,*C(C)C,1
i-H7C3,*C(C)C,7
(i)H7C3,*C(C)C,13
H9C4,*CCCC,296
nH9C4,*CCCC,15
n-H9C4,*CCCC,13
(n)H9C4,*CCCC,11
sH9C4,*C(C)CC,0
s-H9C4,*C(C)CC,0
(s)H9C4,*C(C)CC,0
iH9C4,*CC(C)C,31
i-H9C4,*CC(C)C,0
(i)H9C4,*CC(C)C,1
tH9C4,*C(C)(C)C,53
t-H9C4,*C(C)(C)C,26
(t)H9C4,*C(C)(C)C,237
H11C5,*CCCCC,39
nH11C5,*CCCCC,0
n-H11C5,*CCCCC,4
(n)H11C5,*CCCCC,9
tH11C5,*C(C)(C)CC,0
t-H11C5,*C(C)(C)CC,41
(t)H11C5,*C(C)(C)CC,37
H13C6,*CCCCCC,297
H15C7,*CCCCCCC,71
H17C8,*CCCCCCCC,186
H19C9,*CCCCCCCCC,26
H21C10,*CCCCCCCCCC,80
H23C11,*CCCCCCCCCCC,7
H25C12,*CCCCCCCCCCCC,244
H27C13,*CCCCCCCCCCCCC,28
H29C14,*CCCCCCCCCCCCCC,19
H31C15,*CCCCCCCCCCCCCCC,18
H33C16,*CCCCCCCCCCCCCCCC,30
H35C17,*CCCCCCCCCCCCCCCCC,8
H37C18,*CCCCCCCCCCCCCCCCCC,88
H39C19,*CCCCCCCCCCCCCCCCCCC,0
H41C20,*CCCCCCCCCCCCCCCCCCCC,0
H43C21,*CCCCCCCCCCCCCCCCCCCCC,1
H45C22,*CCCCCCCCCCCCCCCCCCCCCC,12
H47C23,*CCCCCCCCCCCCCCCCCCCCCCC,0
H49C24,*CCCCCCCCCCCCCCCCCCCCCCCC,0
H51C25,*CCCCCCCCCCCCCCCCCCCCCCCCC,0
n-C6H13,*CCCCCC,477
n-C7H15,*CCCCCCC,163
n-C8H17,*CCCCCCCC,77
n-C9H19,*CCCCCCCCC,26
n-C10H21,*CCCCCCCCCC,2
n-C11H23,*CCCCCCCCCCC,41
n-C12H25,*CCCCCCCCCCCC,468
n-C13H27,*CCCCCCCCCCCCC,24
n-C14H29,*CCCCCCCCCCCCCC,50
n-C15H31,*CCCCCCCCCCCCCCC,138
n-C16H33,*CCCCCCCCCCCCCCCC,108
n-C17H35,*CCCCCCCCCCCCCCCCC,21
n-C18H37,*CCCCCCCCCCCCCCCCCC,42
n-C19H39,*CCCCCCCCCCCCCCCCCCC,0
n-C20H41,*CCCCCCCCCCCCCCCCCCCC,2
n-C21H43,*CCCCCCCCCCCCCCCCCCCCC,1
n-C22H45,*CCCCCCCCCCCCCCCCCCCCCC,4
n-C23H47,*CCCCCCCCCCCCCCCCCCCCCCC,0
n-C24H49,*CCCCCCCCCCCCCCCCCCCCCCCC,0
n-C25H51,*CCCCCCCCCCCCCCCCCCCCCCCCC,0
(CH2)2CH3,*CCC,131
(CH2)3CH3,*CCCC,458
(CH2)4CH3,*CCCCC,229
(CH2)5CH3,*CCCCCC,153
(CH2)6CH3,*CCCCCCC,416
(CH2)7CH3,*CCCCCCCC,243
(CH2)8CH3,*CCCCCCCCC,80
(CH2)9CH3,*CCCCCCCCCC,92
(CH2)10CH3,*CCCCCCCCCCC,25
(CH2)11CH3,*CCCCCCCCCCCC,131
(CH2)12CH3,*CCCCCCCCCCCCC,134
(CH2)13CH3,*CCCCCCCCCCCCCC,162
(CH2)14CH3,*CCCCCCCCCCCCCCC,88
(CH2)15CH3,*CCCCCCCCCCCCCCCC,86
(CH2)16CH3,*CCCCCCCCCCCCCCCCC,104
(CH2)17CH3,*CCCCCCCCCCCCCCCCCC,168
(CH2)18CH3,*CCCCCCCCCCCCCCCCCCC,14
(CH2)19CH3,*CCCCCCCCCCCCCCCCCCCC,7
CH3(CH2)2,*CCC,21
CH3(CH2)3,*CCCC,111
CH3(CH2)4,*CCCCC,16
CH3(CH2)5,*CCCCCC,30
CH3(CH2)6,*CCCCCCC,68
CH3(CH2)7,*CCCCCCCC,42
CH3(CH2)8,*CCCCCCCCC,12
CH3(CH2)9,*CCCCCCCCCC,7
CH3(CH2)10,*CCCCCCCCCCC,9
CH3(CH2)11,*CCCCCCCCCCCC,8
CH3(CH2)12,*CCCCCCCCCCCCC,19
CH3(CH2)13,*CCCCCCCCCCCCCC,1
CH3(CH2)14,*CCCCCCCCCCCCCCC,29
CH3(CH2)15,*CCCCCCCCCCCCCCCC,1
CH3(CH2)16,*CCCCCCCCCCCCCCCCC,4
CH3(CH2)17,*CCCCCCCCCCCCCCCCCC,6
CH3(CH2)18,*CCCCCCCCCCCCCCCCCCC,0
CH3(CH2)19,*CCCCCCCCCCCCCCCCCCCC,0
CH2CH3,*CC,5102
CH2CH2CH3,*CCC,666
CH2CH2CH2CH3,*CCCC,295
CH2CH2CH2CH2CH3,*CCCCC,12
CH2CH2CH2CH2CH2CH3,*CCCCCC,13
CH2CH2CH2CH2CH2CH2CH3,*CCCCCCC,0
CH2CH2CH2CH2CH2CH2CH2CH3,*CCCCCCCC,0
CH2CH2CH2CH2CH2CH2CH2CH2CH3,*CCCCCCCCC,0
CH2CH2CH2CH2CH2CH2CH2CH2CH2CH3,*CCCCCCCCCC,0
CH3CH2,*CC,1725
CH3CH2CH2,*CCC,66
CH3CH2CH2CH2,*CCCC,26
CH3CH2CH2CH2CH2,*CCCCC,2
H3CH2C,*CC,550
H3CH2CH2C,*CCC,69
H3CH2CH2CH2C,*CCCC,26
H3CH2CH2CH2CH2C,*CCCCC,0
CH(CH3)2,*C(C)C,1047
C(CH3)3,*C(C)(C)C,4121
(H3C)2HC,*C(C)C,75
(CH3)2HC,*C(C)C,20
(H3C)3C,*C(C)(C)C,653
(CH3)3C,*C(C)(C)C,1551
CHMe2,*C(C)C,30
CMe3,*C(C)(C)C,208
Me2HC,*C(C)C,1
Me3C,*C(C)(C)C,52
CH2D,*C[2H],75
CDH2,*C[2H],273
CHD2,*C([2H])[2H],40
CD2H,*C([2H])[2H],353
CD3,*C([2H])([2H])[2H],36468
DH2C,*C[2H],26
H2DC,*C[2H],3
D2HC,*C([2H])[2H],28
HD2C,*C([2H])[2H],7
D3C,*C([2H])([2H])[2H],23669
C2D5,*C([2H])([2H])C([2H])([2H])[2H],1
CD2CD3,*C([2H])([2H])C([2H])([2H])[2H],23
CD2CD2CD3,*C([2H])([2H])C([2H])([2H])C([2H])([2H])[2H],3
D3CD2C,*C([2H])([2H])C([2H])([2H])[2H],4
D3CD2CD2C,*C([2H])([2H])C([2H])([2H])C([2H])([2H])[2H],0
(CD2)2CD3,*C([2H])([2H])C([2H])([2H])C([2H])([2H])[2H],0
(CD2)3CD3,*C([2H])([2H])C([2H])([2H])C([2H])([2H])C([2H])([2H])[2H],3
CD(CD3)2,*C([2H])(C([2H])([2H])[2H])C([2H])([2H])[2H],0
(D3C)2DC,*C([2H])(C([2H])([2H])[2H])C([2H])([2H])[2H],0
C(CD3)3,*C(C([2H])([2H])[2H])(C([2H])([2H])[2H])C([2H])([2H])[2H],106
(D3C)3C,*C(C([2H])([2H])[2H])(C([2H])([2H])[2H])C([2H])([2H])[2H],8
C6H5,*C1=CC=CC=C1,1215
H5C6,*C1=CC=CC=C1,111
C6D5,*C1=C([2H])C([2H])=C([2H])C([2H])=C1([2H]),33
D5C6,*C1=C([2H])C([2H])=C([2H])C([2H])=C1([2H]),0
CH2F,*CF,3044
CFH2,*CF,20
CHF2,*C(F)F,3002
CF2H,*C(F)F,2770
CF3,*C(F)(F)F,292601
FH2C,*CF,452
H2FC,*CF,14
F2HC,*C(F)F,2846
HF2C,*C(F)F,1174
F3C,*C(F)(F)F,141275
CH2Cl,*CCl,588
CHCl2,*C(Cl)Cl,215
CCl3,*C(Cl)(Cl)Cl,2207
Cl3C,*C(Cl)(Cl)Cl,1127
CH2Br,*CBr,644
CHBr2,*C(Br)Br,80
CBr3,*C(Br)(Br)Br,530
Br3C,*C(Br)(Br)Br,103
CH2I,*CI,86
CHI2,*C(I)I,17
CI3,*C(I)(I)I,161
I3C,*C(I)(I)I,362
C2F5,*C(F)(F)C(F)(F)F,2327
C3F7,*C(F)(F)C(F)(F)C(F)(F)F,1607
C4F9,*C(F)(F)C(F)(F)C(F)(F)C(F)(F)F,959
C5F11,*C(F)(F)C(F)(F)C(F)(F)C(F)(F)C(F)(F)F,46
F5C2,*C(F)(F)C(F)(F)F,63
F7C3,*C(F)(F)C(F)(F)C(F)(F)F,15
F9C4,*C(F)(F)C(F)(F)C(F)(F)C(F)(F)F,22
F11C5,*C(F)(F)C(F)(F)C(F)(F)C(F)(F)C(F)(F)F,0
(CF2)2CF3,*C(F)(F)C(F)(F)C(F)(F)F,16
(CF2)3CF3,*C(F)(F)C(F)(F)C(F)(F)C(F)(F)F,29
(CF2)4CF3,*C(F)(F)C(F)(F)C(F)(F)C(F)(F)C(F)(F)F,3
(CF2)5CF3,*C(F)(F)C(F)(F)C(F)(F)C(F)(F)C(F)(F)C(F)(F)F,66
CF3(CF2)2,*C(F)(F)C(F)(F)C(F)(F)F,7
CF3(CF2)3,*C(F)(F)C(F)(F)C(F)(F)C(F)(F)F,10
CF3(CF2)4,*C(F)(F)C(F)(F)C(F)(F)C(F)(F)C(F)(F)F,1
CF3(CF2)5,*C(F)(F)C(F)(F)C(F)(F)C(F)(F)C(F)(F)C(F)(F)F,3
CF2CF3,*C(F)(F)C(F)(F)F,996
CF2CF2CF3,*C(F)(F)C(F)(F)C(F)(F)F,156
CF2CF2CF2CF3,*C(F)(F)C(F)(F)C(F)(F)C(F)(F)F,22
CF2CF2CF2CF2CF3,*C(F)(F)C(F)(F)C(F)(F)C(F)(F)C(F)(F)F,3
F3CF2C,*C(F)(F)C(F)(F)F,399
F3CF2CF2C,*C(F)(F)C(F)(F)C(F)(F)F,47
F3CF2CF2CF2C,*C(F)(F)C(F)(F)C(F)(F)C(F)(F)F,3
F3CF2CF2CF2CF2C,*C(F)(F)C(F)(F)C(F)(F)C(F)(F)C(F)(F)F,3
CF(CF3)2,*C(F)(C(F)(F)F)C(F)(F)F,185
C(CF3)3,*C(C(F)(F)F)(C(F)(F)F)C(F)(F)F,33
(F3C)2FC,*C(F)(C(F)(F)F)C(F)(F)F,34
(CF3)2FC,*C(F)(C(F)(F)F)C(F)(F)F,1
(F3C)3C,*C(C(F)(F)F)(C(F)(F)F)C(F)(F)F,8
(CF3)3C,*C(C(F)(F)F)(C(F)(F)F)C(F)(F)F,0
C6F5,*C1=C(F)C(F)=C(F)C(F)=C1(F),225
F5C6,*C1=C(F)C(F)=C(F)C(F)=C1(F),3
OOH,*OO,3254
HOO,*OO,2592
OMe,*OC,181024
OEt,*OCC,44197
OPr,*OCCC,633
OnPr,*OCCC,26
On-Pr,*OCCC,91
O(n)Pr,*OCCC,0
OiPr,*OC(C)C,789
Oi-Pr,*OC(C)C,207
O(i)Pr,*OC(C)C,0
OPri,*OC(C)C,11
OPr-i,*OC(C)C,55
OBu,*OCCCC,1740
OnBu,*OCCCC,34
On-Bu,*OCCCC,48
O(n)Bu,*OCCCC,0
OsBu,*OC(C)CC,0
Os-Bu,*OC(C)CC,0
O(s)Bu,*OC(C)CC,0
OiBu,*OCC(C)C,72
Oi-Bu,*OCC(C)C,8
O(i)Bu,*OCC(C)C,0
OtBu,*OC(C)(C)C,3692
Ot-Bu,*OC(C)(C)C,1585
O(t)Bu,*OC(C)(C)C,0
OBut,*OC(C)(C)C,207
OBu-t,*OC(C)(C)C,154
MeO,*OC,116770
EtO,*OCC,20471
PrO,*OCCC,335
nPrO,*OCCC,48
n-PrO,*OCCC,167
(n)PrO,*OCCC,0
iPrO,*OC(C)C,193
i-PrO,*OC(C)C,343
(i)PrO,*OC(C)C,3
PriO,*OC(C)C,14
BuO,*OCCCC,1135
nBuO,*OCCCC,56
n-BuO,*OCCCC,244
(n)BuO,*OCCCC,5
sBuO,*OC(C)CC,0
s-BuO,*OC(C)CC,1
(s)BuO,*OC(C)CC,0
iBuO,*OCC(C)C,9
i-BuO,*OCC(C)C,35
(i)BuO,*OCC(C)C,4
tBuO,*OC(C)(C)C,875
t-BuO,*OC(C)(C)C,1331
(t)BuO,*OC(C)(C)C,1
ButO,*OC(C)(C)C,15
OCH3,*OC,98072
OC2H5,*OCC,6713
OC3H7,*OCCC,1173
OC4H9,*OCCCC,792
OC5H11,*OCCCCC,203
OC6H13,*OCCCCCC,417
OC7H15,*OCCCCCCC,98
OC8H17,*OCCCCCCCC,203
OC9H19,*OCCCCCCCCC,12
OC10H21,*OCCCCCCCCCC,34
OC11H23,*OCCCCCCCCCCC,22
OC12H25,*OCCCCCCCCCCCC,1034
OC13H27,*OCCCCCCCCCCCCC,139
OC14H29,*OCCCCCCCCCCCCCC,287
OC15H31,*OCCCCCCCCCCCCCCC,3
OC16H33,*OCCCCCCCCCCCCCCCC,371
OC17H35,*OCCCCCCCCCCCCCCCCC,0
OC18H37,*OCCCCCCCCCCCCCCCCCC,365
OC19H39,*OCCCCCCCCCCCCCCCCCCC,0
OC20H41,*OCCCCCCCCCCCCCCCCCCCC,10
CH3O,*OC,14780
C2H5O,*OCC,1685
C3H7O,*OCCC,393
C4H9O,*OCCCC,371
C5H11O,*OCCCCC,105
C6H13O,*OCCCCCC,229
C7H15O,*OCCCCCCC,56
C8H17O,*OCCCCCCCC,79
C9H19O,*OCCCCCCCCC,25
C10H21O,*OCCCCCCCCCC,24
C11H23O,*OCCCCCCCCCCC,22
C12H25O,*OCCCCCCCCCCCC,294
C13H27O,*OCCCCCCCCCCCCC,162
C14H29O,*OCCCCCCCCCCCCCC,58
C15H31O,*OCCCCCCCCCCCCCCC,2
C16H33O,*OCCCCCCCCCCCCCCCC,54
C17H35O,*OCCCCCCCCCCCCCCCCC,0
C18H37O,*OCCCCCCCCCCCCCCCCCC,197
C19H39O,*OCCCCCCCCCCCCCCCCCCC,1
C20H41O,*OCCCCCCCCCCCCCCCCCCCC,2
H3CO,*OC,45904
H5C2O,*OCC,240
H7C3O,*OCCC,19
H9C4O,*OCCCC,43
H11C5O,*OCCCCC,19
H13C6O,*OCCCCCC,33
H15C7O,*OCCCCCCC,5
H17C8O,*OCCCCCCCC,11
H19C9O,*OCCCCCCCCC,2
H21C10O,*OCCCCCCCCCC,0
H23C11O,*OCCCCCCCCCCC,2
H25C12O,*OCCCCCCCCCCCC,20
H27C13O,*OCCCCCCCCCCCCC,0
H29C14O,*OCCCCCCCCCCCCCC,79
H31C15O,*OCCCCCCCCCCCCCCC,0
H33C16O,*OCCCCCCCCCCCCCCCC,10
H35C17O,*OCCCCCCCCCCCCCCCCC,0
H37C18O,*OCCCCCCCCCCCCCCCCCC,2
H39C19O,*OCCCCCCCCCCCCCCCCCCC,0
H41C20O,*OCCCCCCCCCCCCCCCCCCCC,0
O(CH2)2CH3,*OCCC,33
O(CH2)3CH3,*OCCCC,144
O(CH2)4CH3,*OCCCCC,34
O(CH2)5CH3,*OCCCCCC,76
CH3(CH2)2O,*OCCC,5
CH3(CH2)3O,*OCCCC,28
CH3(CH2)4O,*OCCCCC,9
CH3(CH2)5O,*OCCCCCC,13
OCH2CH3,*OCC,3031
OCH2CH2CH3,*OCCC,138
OCH2CH2CH2CH3,*OCCCC,35
OCH2CH2CH2CH2CH3,*OCCCCC,4
CH3CH2O,*OCC,356
CH3CH2CH2O,*OCCC,18
CH3CH2CH2CH2O,*OCCCC,0
CH3CH2CH2CH2CH2O,*OCCCCC,0
H3CH2CO,*OCC,341
H3CH2CH2CO,*OCCC,6
H3CH2CH2CH2CO,*OCCCC,24
H3CH2CH2CH2CH2CO,*OCCCCC,0
OCH(CH3)2,*OC(C)C,224
OC(CH3)3,*OC(C)(C)C,409
(H3C)2HCO,*OC(C)C,14
(CH3)2HCO,*OC(C)C,5
(H3C)3CO,*OC(C)(C)C,44
(CH3)3CO,*OC(C)(C)C,34
OCHMe2,*OC(C)C,6
OCMe3,*OC(C)(C)C,31
Me2HCO,*OC(C)C,0
Me3CO,*OC(C)(C)C,6
OD,*O[2H],1089
DO,*O[2H],1407
OCH2D,*OC[2H],24
OCDH2,*OC[2H],0
OCHD2,*OC([2H])[2H],24
OCD2H,*OC([2H])[2H],4
OCD3,*OC([2H])([2H])[2H],383
CD3O,*OC([2H])([2H])[2H],9
D3CO,*OC([2H])([2H])[2H],714
OCD(CD3)2,*OC([2H])(C([2H])([2H])[2H])C([2H])([2H])[2H],6
OC(CD3)3,*OC(C([2H])([2H])[2H])(C([2H])([2H])[2H])C([2H])([2H])[2H],0
CH2OH,*CO,8692
HOH2C,*CO,1749
HOCH2,*CO,1105
CH2OOH,*COO,3
HOOH2C,*COO,1
HOOCH2,*COO,2
CH2OMe,*COC,411
MeOH2C,*COC,167
OC6H5,*OC1=CC=CC=C1,55
H5C6O,*OC1=CC=CC=C1,1
OCH2F,*OCF,115
OCFH2,*OCF,5
OCHF2,*OC(F)F,1731
OCF2H,*OC(F)F,1130
OCF3,*OC(F)(F)F,16750
FH2CO,*OCF,25
H2FCO,*OCF,11
F2HCO,*OC(F)F,863
HF2CO,*OC(F)F,342
F3CO,*OC(F)(F)F,8352
CF3O,*OC(F)(F)F,661
OCCl3,*OC(Cl)(Cl)Cl,47
Cl3CO,*OC(Cl)(Cl)Cl,40
OCBr3,*OC(Br)(Br)Br,2
Br3CO,*OC(Br)(Br)Br,0
OCI3,*OC(I)(I)I,2
I3CO,*OC(I)(I)I,23
OC2F5,*OC(F)(F)C(F)(F)F,83
OC3F7,*OC(F)(F)C(F)(F)C(F)(F)F,56
OC4F9,*OC(F)(F)C(F)(F)C(F)(F)C(F)(F)F,18
OC5F11,*OC(F)(F)C(F)(F)C(F)(F)C(F)(F)C(F)(F)F,4
C2F5O,*OC(F)(F)C(F)(F)F,55
C3F7O,*OC(F)(F)C(F)(F)C(F)(F)F,26
C4F9O,*OC(F)(F)C(F)(F)C(F)(F)C(F)(F)F,26
C5F11O,*OC(F)(F)C(F)(F)C(F)(F)C(F)(F)C(F)(F)F,1
F5C2O,*OC(F)(F)C(F)(F)F,0
F7C3O,*OC(F)(F)C(F)(F)C(F)(F)F,0
F9C4O,*OC(F)(F)C(F)(F)C(F)(F)C(F)(F)F,0
F11C5O,*OC(F)(F)C(F)(F)C(F)(F)C(F)(F)C(F)(F)F,0
OC6F5,*OC1=C(F)C(F)=C(F)C(F)=C1(F),15
F5C6O,*OC1=C(F)C(F)=C(F)C(F)=C1(F),0
SMe,*SC,4766
SEt,*SCC,906
SPr,*SCCC,58
SiPr,*SC(C)C,0
Si-Pr,*SC(C)C,0
S(i)Pr,*SC(C)C,0
SBu,*SCCCC,41
StBu,*SC(C)(C)C,36
St-Bu,*SC(C)(C)C,25
S(t)Bu,*SC(C)(C)C,0
MeS,*SC,2963
EtS,*SCC,380
PrS,*SCCC,362
iPrS,*SC(C)C,0
i-PrS,*SC(C)C,3
(i)PrS,*SC(C)C,0
BuS,*SCCCC,31
tBuS,*SC(C)(C)C,17
t-BuS,*SC(C)(C)C,241
(t)BuS,*SC(C)(C)C,0
SCH3,*SC,3559
SC2H5,*SCC,108
SC3H7,*SCCC,11
SC4H9,*SCCCC,18
SC5H11,*SCCCCC,3
CH3S,*SC,821
C2H5S,*SCC,47
C3H7S,*SCCC,5
C4H9S,*SCCCC,5
C5H11S,*SCCCCC,2
H3CS,*SC,1200
H5C2S,*SCC,13
H7C3S,*SCCC,1
H9C4S,*SCCCC,2
H11C5S,*SCCCCC,0
SCF3,*SC(F)(F)F,1140
F3CS,*SC(F)(F)F,599
CF3S,*SC(F)(F)F,48
CHO,*C=O,36647
OHC,*C=O,6984
COF,*C(=O)F,155
COCl,*C(=O)Cl,223
COBr,*C(=O)Br,8
COI,*C(=O)I,92
FOC,*C(=O)F,55
ClOC,*C(=O)Cl,19
BrOC,*C(=O)Br,0
IOC,*C(=O)I,9
COMe,*C(=O)C,314
COEt,*C(=O)CC,176
COPr,*C(=O)CCC,0
COBu,*C(=O)CCCC,21
MeOC,*C(=O)C,119
EtOC,*C(=O)CC,54
PrOC,*C(=O)CCC,0
BuOC,*C(=O)CCCC,1
COCH3,*C(=O)C,1833
H3COC,*C(=O)C,336
COCF3,*C(=O)C(F)(F)F,327
F3COC,*C(=O)C(F)(F)F,44
COOH,*C(=O)O,85599
CO2H,*C(=O)O,72228
HOOC,*C(=O)O,22258
HO2C,*C(=O)O,20831
COO-,*C(=O)[O-],1052
CO2-,*C(=O)[O-],140
-OOC,*C(=O)[O-],44
-O2C,*C(=O)[O-],229
COO,*C(=O)[O-],11606
CO2,*C(=O)[O-],12255
OOC,*C(=O)[O-],719
O2C,*C(=O)[O-],1942
OLi,*[O-][Li+],1092
ONa,*[O-][Na+],5080
OK,*[O-][K+],1676
LiO,*[O-][Li+],1381
NaO,*[O-][Na+],2028
KO,*[O-][K+],1137
COOLi,*C(=O)[O-][Li+],203
CO2Li,*C(=O)[O-][Li+],132
COONa,*C(=O)[O-][Na+],1719
CO2Na,*C(=O)[O-][Na+],1598
COOK,*C(=O)[O-][K+],699
CO2K,*C(=O)[O-][K+],194
LiOOC,*C(=O)[O-][Li+],39
LiO2C,*C(=O)[O-][Li+],19
NaOOC,*C(=O)[O-][Na+],373
NaO2C,*C(=O)[O-][Na+],326
KOOC,*C(=O)[O-][K+],194
KO2C,*C(=O)[O-][K+],87
COOMe,*C(=O)OC,10285
CO2Me,*C(=O)OC,22339
COOEt,*C(=O)OCC,7555
CO2Et,*C(=O)OCC,18146
COOPr,*C(=O)OCCC,128
CO2Pr,*C(=O)OCCC,63
COOiPr,*C(=O)OC(C)C,72
CO2iPr,*C(=O)OC(C)C,534
COOi-Pr,*C(=O)OC(C)C,5
CO2i-Pr,*C(=O)OC(C)C,95
COO(i)Pr,*C(=O)OC(C)C,0
CO2(i)Pr,*C(=O)OC(C)C,0
COOBu,*C(=O)OCCCC,117
CO2Bu,*C(=O)OCCCC,106
COOtBu,*C(=O)OC(C)(C)C,990
CO2tBu,*C(=O)OC(C)(C)C,2332
COOt-Bu,*C(=O)OC(C)(C)C,310
CO2t-Bu,*C(=O)OC(C)(C)C,1337
COO(t)Bu,*C(=O)OC(C)(C)C,0
CO2(t)Bu,*C(=O)OC(C)(C)C,0
COOBut,*C(=O)OC(C)(C)C,69
CO2But,*C(=O)OC(C)(C)C,112
COOBu-t,*C(=O)OC(C)(C)C,2
CO2Bu-t,*C(=O)OC(C)(C)C,32
MeOOC,*C(=O)OC,1936
MeO2C,*C(=O)OC,7366
EtOOC,*C(=O)OCC,2066
EtO2C,*C(=O)OCC,5810
PrOOC,*C(=O)OCCC,6
PrO2C,*C(=O)OCCC,10
iPrOOC,*C(=O)OC(C)C,1
iPrO2C,*C(=O)OC(C)C,150
i-PrOOC,*C(=O)OC(C)C,1
i-PrO2C,*C(=O)OC(C)C,19
(i)PrOOC,*C(=O)OC(C)C,0
(i)PrO2C,*C(=O)OC(C)C,0
PriOOC,*C(=O)OC(C)C,0
PriO2C,*C(=O)OC(C)C,5
BuOOC,*C(=O)OCCCC,31
BuO2C,*C(=O)OCCCC,47
tBuOOC,*C(=O)OC(C)(C)C,151
tBuO2C,*C(=O)OC(C)(C)C,561
t-BuOOC,*C(=O)OC(C)(C)C,146
t-BuO2C,*C(=O)OC(C)(C)C,321
(t)BuOOC,*C(=O)OC(C)(C)C,0
(t)BuO2C,*C(=O)OC(C)(C)C,0
ButOOC,*C(=O)OC(C)(C)C,0
ButO2C,*C(=O)OC(C)(C)C,36
COOCH3,*C(=O)OC,6210
CO2CH3,*C(=O)OC,8209
COOC2H5,*C(=O)OCC,1483
CO2C2H5,*C(=O)OCC,891
COOC3H7,*C(=O)OCCC,26
CO2C3H7,*C(=O)OCCC,14
COOC3H7i,*C(=O)OC(C)C,0
CO2C3H7i,*C(=O)OC(C)C,0
COOC3H7-i,*C(=O)OC(C)C,1
CO2C3H7-i,*C(=O)OC(C)C,1
COOC3H7(i),*C(=O)OC(C)C,0
CO2C3H7(i),*C(=O)OC(C)C,0
COOC4H9,*C(=O)OCCCC,141
CO2C4H9,*C(=O)OCCCC,49
COOC4H9t,*C(=O)OC(C)(C)C,0
CO2C4H9t,*C(=O)OC(C)(C)C,0
COOC4H9-t,*C(=O)OC(C)(C)C,1
CO2C4H9-t,*C(=O)OC(C)(C)C,1
COOC4H9(t),*C(=O)OC(C)(C)C,1
CO2C4H9(t),*C(=O)OC(C)(C)C,4
COOCH(CH3)2,*C(=O)OC(C)C,45
CO2CH(CH3)2,*C(=O)OC(C)C,39
COOC(CH3)3,*C(=O)OC(C)(C)C,319
CO2C(CH3)3,*C(=O)OC(C)(C)C,175
COOCH2CH3,*C(=O)OCC,253
CO2CH2CH3,*C(=O)OCC,820
H3COOC,*C(=O)OC,1143
H3CO2C,*C(=O)OC,864
H5C2OOC,*C(=O)OCC,60
H5C2O2C,*C(=O)OCC,74
H7C3OOC,*C(=O)OCCC,4
H7C3O2C,*C(=O)OCCC,0
iH7C3OOC,*C(=O)OC(C)C,0
iH7C3O2C,*C(=O)OC(C)C,0
i-H7C3OOC,*C(=O)OC(C)C,0
i-H7C3O2C,*C(=O)OC(C)C,0
(i)H7C3OOC,*C(=O)OC(C)C,0
(i)H7C3O2C,*C(=O)OC(C)C,0
H9C4OOC,*C(=O)OCCCC,7
H9C4O2C,*C(=O)OCCCC,1
tH9C4OOC,*C(=O)OC(C)(C)C,0
tH9C4O2C,*C(=O)OC(C)(C)C,0
t-H9C4OOC,*C(=O)OC(C)(C)C,0
t-H9C4O2C,*C(=O)OC(C)(C)C,0
(t)H9C4OOC,*C(=O)OC(C)(C)C,0
(t)H9C4O2C,*C(=O)OC(C)(C)C,0
N3,*N=[N+]=[N-],24300
N2,*[N+]=[N-],5530
NHNH2,*NN,1348
H2NHN,*NN,332
CN,*C#N,264148
NC,*C#N,153173
NHMe,*NC,2490
NHEt,*NCC,431
NHPr,*NCCC,39
NHiPr,*NC(C)C,22
NHi-Pr,*NC(C)C,3
NHBu,*NCCCC,101
NHtBu,*NC(C)(C)C,40
NHt-Bu,*NC(C)(C)C,124
MeHN,*NC,1233
MeNH,*NC,314
EtHN,*NCC,270
EtNH,*NCC,43
PrHN,*NCCC,14
PrNH,*NCCC,0
iPrHN,*NC(C)C,0
i-PrHN,*NC(C)C,1
BuHN,*NCCCC,37
BuNH,*NCCCC,0
tBuHN,*NC(C)(C)C,7
t-BuHN,*NC(C)(C)C,6
NHCH3,*NC,2028
H3CHN,*NC,301
CH3NH,*NC,135
NHD,*N[2H],22
ND2,*N([2H])[2H],607
N(Me)2,*N(C)C,342
NMe2,*N(C)C,8128
N(Et)2,*N(CC)CC,42
NEt2,*N(CC)CC,2286
N(Pr)2,*N(CCC)CCC,10
NPr2,*N(CCC)CCC,19
N(iPr)2,*N(C(C)C)C(C)C,541
NiPr2,*N(C(C)C)C(C)C,104
N(i-Pr)2,*N(C(C)C)C(C)C,103
Ni-Pr2,*N(C(C)C)C(C)C,0
N(Bu)2,*N(CCCC)CCCC,2
NBu2,*N(CCCC)CCCC,147
(Me)2N,*N(C)C,159
Me2N,*N(C)C,3040
(Et)2N,*N(CC)CC,14
Et2N,*N(CC)CC,1831
(Pr)2N,*N(CCC)CCC,29
Pr2N,*N(CCC)CCC,56
(iPr)2N,*N(C(C)C)C(C)C,56
iPr2N,*N(C(C)C)C(C)C,23
(i-Pr)2N,*N(C(C)C)C(C)C,57
i-Pr2N,*N(C(C)C)C(C)C,5
(Bu)2N,*N(CCCC)CCCC,0
Bu2N,*N(CCCC)CCCC,76
N(CH3)2,*N(C)C,3920
N(C2H5)2,*N(CC)CC,445
N(C3H7)2,*N(CCC)CCC,14
N(C4H9)2,*N(CCCC)CCCC,91
(CH3)2N,*N(C)C,580
(C2H5)2N,*N(CC)CC,221
(C3H7)2N,*N(CCC)CCC,10
(C4H9)2N,*N(CCCC)CCCC,39
(H3C)2N,*N(C)C,573
(H5C2)2N,*N(CC)CC,43
(H7C3)2N,*N(CCC)CCC,0
(H9C4)2N,*N(CCCC)CCCC,13
N(CH2CH3)2,*N(CC)CC,111
N(CH2CH2CH3)2,*N(CCC)CCC,1
N(CH2CH2CH2CH3)2,*N(CCCC)CCCC,2
(CH3CH2)2N,*N(CC)CC,42
(CH3CH2CH2)2N,*N(CCC)CCC,0
(CH3CH2CH2CH2)2N,*N(CCCC)CCCC,0
NHOH,*NO,3554
HOHN,*NO,1632
NO2,*[N+](=O)[O-],100525
O2N,*[N+](=O)[O-],55040
OCN,*OC#N,5853
NCO,*N=C=O,9228
ONO2,*O[N+](=O)[O-],6997
O2NO,*O[N+](=O)[O-],426
NCS,*N=C=S,4236
SCN,*N=C=S,1768
SO2Li,*S(=O)[O-][Li+],16
SO2Na,*S(=O)[O-][Na+],257
SO2K,*S(=O)[O-][K+],40
LiO2S,*S(=O)[O-][Li+],5
NaO2S,*S(=O)[O-][Na+],34
KO2S,*S(=O)[O-][K+],11
SO2Cl,*S(=O)(=O)Cl,1388
ClO2S,*S(=O)(=O)Cl,511
ClSO2,*S(=O)(=O)Cl,73
SO2Me,*S(=O)(=O)C,5440
SO2Et,*S(=O)(=O)CC,598
MeO2S,*S(=O)(=O)C,2632
EtO2S,*S(=O)(=O)CC,80
SO2CH3,*S(=O)(=O)C,3955
H3CO2S,*S(=O)(=O)C,378
CH3SO2,*S(=O)(=O)C,475
SO2CF3,*S(=O)(=O)C(F)(F)F,1148
F3CO2S,*S(=O)(=O)C(F)(F)F,274
SO3H,*S(=O)(=O)O,28171
HO3S,*S(=O)(=O)O,14657
SO3-,*S(=O)(=O)[O-],145
-O3S,*S(=O)(=O)[O-],5419
SO3,*S(=O)(=O)[O-],37566
O3S,*S(=O)(=O)[O-],18081
SO3Li,*S(=O)(=O)[O-][Li+],899
SO3Na,*S(=O)(=O)[O-][Na+],11827
SO3K,*S(=O)(=O)[O-][K+],3159
LiO3S,*S(=O)(=O)[O-][Li+],244
NaO3S,*S(=O)(=O)[O-][Na+],4431
KO3S,*S(=O)(=O)[O-][K+],1120
OSO3H,*OS(=O)(=O)O,1152
HO3SO,*OS(=O)(=O)O,377
OSO3-,*OS(=O)(=O)[O-],4
-O3SO,*OS(=O)(=O)[O-],54
OSO3,*OS(=O)(=O)[O-],465
O3SO,*OS(=O)(=O)[O-],143
OSO3Li,*OS(=O)(=O)[O-][Li+],12
OSO3Na,*OS(=O)(=O)[O-][Na+],501
OSO3K,*OS(=O)(=O)[O-][K+],18
LiO3SO,*OS(=O)(=O)[O-][Li+],6
NaO3SO,*OS(=O)(=O)[O-][Na+],802
KO3SO,*OS(=O)(=O)[O-][K+],4
CH2SO3H,*CS(=O)(=O)O,112
(CH2)2SO3H,*CCS(=O)(=O)O,18
(CH2)3SO3H,*CCCS(=O)(=O)O,193
(CH2)4SO3H,*CCCCS(=O)(=O)O,47
(CH2)5SO3H,*CCCCCS(=O)(=O)O,2
CH2SO3-,*CS(=O)(=O)[O-],2
(CH2)2SO3-,*CCS(=O)(=O)[O-],1
(CH2)3SO3-,*CCCS(=O)(=O)[O-],18
(CH2)4SO3-,*CCCCS(=O)(=O)[O-],2
(CH2)5SO3-,*CCCCCS(=O)(=O)[O-],0
CH2SO3,*CS(=O)(=O)[O-],107
(CH2)2SO3,*CCS(=O)(=O)[O-],134
(CH2)3SO3,*CCCS(=O)(=O)[O-],773
(CH2)4SO3,*CCCCS(=O)(=O)[O-],352
(CH2)5SO3,*CCCCCS(=O)(=O)[O-],0
C2H4SO3H,*CCS(=O)(=O)O,6
C3H6SO3H,*CCCS(=O)(=O)O,20
C4H8SO3H,*CCCCS(=O)(=O)O,0
C5H10SO3H,*CCCCCS(=O)(=O)O,0
C2H4SO3-,*CCS(=O)(=O)[O-],0
C3H6SO3-,*CCCS(=O)(=O)[O-],0
C4H8SO3-,*CCCCS(=O)(=O)[O-],0
C5H10SO3-,*CCCCCS(=O)(=O)[O-],0
C2H4SO3,*CCS(=O)(=O)[O-],14
C3H6SO3,*CCCS(=O)(=O)[O-],19
C4H8SO3,*CCCCS(=O)(=O)[O-],0
C5H10SO3,*CCCCCS(=O)(=O)[O-],0
CF2SO3H,*C(F)(F)S(=O)(=O)O,127
(CF2)2SO3H,*C(F)(F)C(F)(F)S(=O)(=O)O,1
(CF2)3SO3H,*C(F)(F)C(F)(F)C(F)(F)S(=O)(=O)O,0
(CF2)4SO3H,*C(F)(F)C(F)(F)C(F)(F)C(F)(F)S(=O)(=O)O,0
(CF2)5SO3H,*C(F)(F)C(F)(F)C(F)(F)C(F)(F)C(F)(F)S(=O)(=O)O,0
CF2SO3-,*C(F)(F)S(=O)(=O)[O-],11
(CF2)2SO3-,*C(F)(F)C(F)(F)S(=O)(=O)[O-],0
(CF2)3SO3-,*C(F)(F)C(F)(F)C(F)(F)S(=O)(=O)[O-],0
(CF2)4SO3-,*C(F)(F)C(F)(F)C(F)(F)C(F)(F)S(=O)(=O)[O-],0
(CF2)5SO3-,*C(F)(F)C(F)(F)C(F)(F)C(F)(F)C(F)(F)S(=O)(=O)[O-],0
CF2SO3,*C(F)(F)S(=O)(=O)[O-],897
(CF2)2SO3,*C(F)(F)C(F)(F)S(=O)(=O)[O-],0
(CF2)3SO3,*C(F)(F)C(F)(F)C(F)(F)S(=O)(=O)[O-],4
(CF2)4SO3,*C(F)(F)C(F)(F)C(F)(F)C(F)(F)S(=O)(=O)[O-],0
(CF2)5SO3,*C(F)(F)C(F)(F)C(F)(F)C(F)(F)C(F)(F)S(=O)(=O)[O-],0
C2F4SO3-,*C(F)(F)C(F)(F)S(=O)(=O)[O-],0
C3F6SO3-,*C(F)(F)C(F)(F)C(F)(F)S(=O)(=O)[O-],0
C4F8SO3-,*C(F)(F)C(F)(F)C(F)(F)C(F)(F)S(=O)(=O)[O-],0
C5F10SO3-,*C(F)(F)C(F)(F)C(F)(F)C(F)(F)C(F)(F)S(=O)(=O)[O-],0
C2F4SO3,*C(F)(F)C(F)(F)S(=O)(=O)[O-],3
C3F6SO3,*C(F)(F)C(F)(F)C(F)(F)S(=O)(=O)[O-],0
C4F8SO3,*C(F)(F)C(F)(F)C(F)(F)C(F)(F)S(=O)(=O)[O-],0
C5F10SO3,*C(F)(F)C(F)(F)C(F)(F)C(F)(F)C(F)(F)S(=O)(=O)[O-],0
CF2CF2SO3H,*C(F)(F)C(F)(F)S(=O)(=O)O,6
CF2CF2CF2SO3H,*C(F)(F)C(F)(F)C(F)(F)S(=O)(=O)O,2
CF2CF2CF2CF2SO3H,*C(F)(F)C(F)(F)C(F)(F)C(F)(F)S(=O)(=O)O,2
CF2CF2CF2CF2CF2SO3H,*C(F)(F)C(F)(F)C(F)(F)C(F)(F)C(F)(F)S(=O)(=O)O,0
CF2CF2SO3-,*C(F)(F)C(F)(F)S(=O)(=O)[O-],4
CF2CF2CF2SO3-,*C(F)(F)C(F)(F)C(F)(F)S(=O)(=O)[O-],0
CF2CF2CF2CF2SO3-,*C(F)(F)C(F)(F)C(F)(F)C(F)(F)S(=O)(=O)[O-],0
CF2CF2CF2CF2CF2SO3-,*C(F)(F)C(F)(F)C(F)(F)C(F)(F)C(F)(F)S(=O)(=O)[O-],0
CF2CF2SO3,*C(F)(F)C(F)(F)S(=O)(=O)[O-],31
CF2CF2CF2SO3,*C(F)(F)C(F)(F)C(F)(F)S(=O)(=O)[O-],0
CF2CF2CF2CF2SO3,*C(F)(F)C(F)(F)C(F)(F)C(F)(F)S(=O)(=O)[O-],0
CF2CF2CF2CF2CF2SO3,*C(F)(F)C(F)(F)C(F)(F)C(F)(F)C(F)(F)S(=O)(=O)[O-],0
CONH2,*C(=O)N,9524
H2NOC,*C(=O)N,1848
NHCOCH3,*NC(=O)C,3024
H3COCHN,*NC(=O)C,139
CH3CONH,*NC(=O)C,294
SO2NH2,*S(=O)(=O)N,4148
H2NO2S,*S(=O)(=O)N,1638
H2NSO2,*S(=O)(=O)N,113
BF2,*B(F)F,63
F2B,*B(F)F,14
B(OH)2,*B(O)O,8632
(HO)2B,*B(O)O,2378
(OH)2B,*B(O)O,56
SF5,*S(F)(F)(F)(F)F,1074
F5S,*S(F)(F)(F)(F)F,378
P(tBu)2,*P(C(C)(C)C)C(C)(C)C,47
P(OH)2,*P(O)O,319
(HO)2P,*P(O)O,96
(OH)2P,*P(O)O,12
P(OMe)2,*P(OC)OC,28
P(OEt)2,*P(OCC)OCC,166
(MeO)2P,*P(OC)OC,29
(EtO)2P,*P(OCC)OCC,116
P(OCH3)2,*P(OC)OC,45
P(OC2H5)2,*P(OCC)OCC,7
(H3CO)2P,*P(OC)OC,3
(H5C2O)2P,*P(OCC)OCC,0
PO3H2,*P(=O)(O)O,1455
PO(OH)2,*P(=O)(O)O,451
P(O)(OH)2,*P(=O)(O)O,88
H2O3P,*P(=O)(O)O,412
(HO)2OP,*P(=O)(O)O,41
(HO)2(O)P,*P(=O)(O)O,2
PO(OMe)2,*P(=O)(OC)OC,13
P(O)(OMe)2,*P(=O)(OC)OC,88
PO(OEt)2,*P(=O)(OCC)OCC,190
P(O)(OEt)2,*P(=O)(OCC)OCC,102
(MeO)2OP,*P(=O)(OC)OC,3
(MeO)2(O)P,*P(=O)(OC)OC,9
(EtO)2OP,*P(=O)(OCC)OCC,57
(EtO)2(O)P,*P(=O)(OCC)OCC,73
PO3Me2,*P(=O)(OC)OC,97
PO3Et2,*P(=O)(OCC)OCC,131
Me2O3P,*P(=O)(OC)OC,29
Et2O3P,*P(=O)(OCC)OCC,7
PO(OCH3)2,*P(=O)(OC)OC,10
P(O)(OCH3)2,*P(=O)(OC)OC,10
PO(OC2H5)2,*P(=O)(OCC)OCC,13
P(O)(OC2H5)2,*P(=O)(OCC)OCC,5
(H3CO)2OP,*P(=O)(OC)OC,0
(H3CO)2(O)P,*P(=O)(OC)OC,0
(H5C2O)2OP,*P(=O)(OCC)OCC,0
(H5C2O)2(O)P,*P(=O)(OCC)OCC,0
SiMe3,*[Si](C)(C)C,2942
Si(Me)3,*[Si](C)(C)C,51
SiEt3,*[Si](CC)(CC)CC,259
Si(Et)3,*[Si](CC)(CC)CC,7
SiPr3,*[Si](CCC)(CCC)CCC,1
Si(Pr)3,*[Si](CCC)(CCC)CCC,7
SiBu3,*[Si](CCCC)(CCCC)CCCC,16
Si(Bu)3,*[Si](CCCC)(CCCC)CCCC,0
Me3Si,*[Si](C)(C)C,1493
(Me)3Si,*[Si](C)(C)C,34
Et3Si,*[Si](CC)(CC)CC,68
(Et)3Si,*[Si](CC)(CC)CC,0
Pr3Si,*[Si](CCC)(CCC)CCC,4
(Pr)3Si,*[Si](CCC)(CCC)CCC,0
Bu3Si,*[Si](CCCC)(CCCC)CCCC,17
(Bu)3Si,*[Si](CCCC)(CCCC)CCCC,0
Si(CH3)3,*[Si](C)(C)C,1047
Si(C2H5)3,*[Si](CC)(CC)CC,42
(H3C)3Si,*[Si](C)(C)C,211
(H5C2)3Si,*[Si](CC)(CC)CC,0
(CH3)3Si,*[Si](C)(C)C,89
(C2H5)3Si,*[Si](CC)(CC)CC,0
Si(OH)3,*[Si](O)(O)O,20
(HO)3Si,*[Si](O)(O)O,47
Si(OMe)3,*[Si](OC)(OC)OC,679
Si(OEt)3,*[Si](OCC)(OCC)OCC,966
Si(OPr)3,*[Si](OCCC)(OCCC)OCCC,20
Si(OBu)3,*[Si](OCCCC)(OCCCC)OCCCC,3
(MeO)3Si,*[Si](OC)(OC)OC,484
(EtO)3Si,*[Si](OCC)(OCC)OCC,395
Si(OCH3)3,*[Si](OC)(OC)OC,1174
Si(OC2H5)3,*[Si](OCC)(OCC)OCC,262
(H3CO)3Si,*[Si](OC)(OC)OC,114
(H5C2O)3Si,*[Si](OCC)(OCC)OCC,0
SnMe3,*[Sn](C)(C)C,527
Sn(Me)3,*[Sn](C)(C)C,15
SnEt3,*[Sn](CC)(CC)CC,3
Sn(Et)3,*[Sn](CC)(CC)CC,0
SnPr3,*[Sn](CCC)(CCC)CCC,0
Sn(Pr)3,*[Sn](CCC)(CCC)CCC,0
SnBu3,*[Sn](CCCC)(CCCC)CCCC,1836
Sn(Bu)3,*[Sn](CCCC)(CCCC)CCCC,125
Me3Sn,*[Sn](C)(C)C,423
(Me)3Sn,*[Sn](C)(C)C,7
Et3Sn,*[Sn](CC)(CC)CC,0
(Et)3Sn,*[Sn](CC)(CC)CC,0
Pr3Sn,*[Sn](CCC)(CCC)CCC,0
(Pr)3Sn,*[Sn](CCC)(CCC)CCC,0
Bu3Sn,*[Sn](CCCC)(CCCC)CCCC,818
(Bu)3Sn,*[Sn](CCCC)(CCCC)CCCC,18
Sn(CH3)3,*[Sn](C)(C)C,128
(H3C)3Sn,*[Sn](C)(C)C,7
(CH3)3Sn,*[Sn](C)(C)C,11
Ph,*C1=CC=CC=C1,143217
Cy,*C1CCCCC1,3794
cHex,*C1CCCCC1,102
Hex,*CCCCCC,358
all,*C=C,523
All,*C=C,256
MOM,*COC,790
MEM,*COCCOC,85
Alloc,*C(=O)OCC=C,324
ALOC,*C(=O)OCC=C,135
AOC,*C(=O)OCC=C,22
Bn,*CC1=CC=CC=C1,11530
Bzl,*CC1=CC=CC=C1,50
Trt,*C(C1=CC=CC=C1)(C2=CC=CC=C2)C3=CC=CC=C3,1607
Tr,*C(C1=CC=CC=C1)(C2=CC=CC=C2)C3=CC=CC=C3,1967
Mes,*C1=C(C)C=C(C)C=C1C,4265
Dipp,*C1=C(C=CC=C1C(C)C)C(C)C,371
DIPP,*C1=C(C=CC=C1C(C)C)C(C)C,64
Nap,*CC1=CC=C2C(=C1)C=CC=C2,287
Ad,*C13CC2CC(C1)CC(C2)C3,567
THP,*C1CCCCO1,1876
Ac,*C(=O)C,5462
AC,*C(=O)C,1427
Piv,*C(=O)C(C)(C)C,106
Pv,*C(=O)C(C)(C)C,100
TFA,*C(=O)C(F)(F)F,1190
Boc,*C(=O)OC(C)(C)C,83094
BOC,*C(=O)OC(C)(C)C,7354
boc,*C(=O)OC(C)(C)C,2287
Troc,*C(=O)OCC(Cl)(Cl)Cl,258
Bz,*C(=O)C1=CC=CC=C1,1706
PMP,*C1=CC=C(C=C1)OC,185
BOM,*COCC1=CC=CC=C1,65
PNB,*CC1=CC=C(C=C1)[N+](=O)[O-],57
Bzh,*C(=O)OC(C1=CC=CC=C1)C2=CC=CC=C2,5
MMT,*C(C1=CC=CC=C1)(C2=CC=CC=C2)C3=CC=C(C=C3)OC,157
MMTr,*C(C1=CC=CC=C1)(C2=CC=CC=C2)C3=CC=C(C=C3)OC,171
DMT,*C(C1=CC=CC=C1)(C2=CC=C(C=C2)OC)C3=CC=C(C=C3)OC,345
DMTr,*C(C1=CC=CC=C1)(C2=CC=C(C=C2)OC)C3=CC=C(C=C3)OC,539
Cbz,*C(=O)OCC1=CC=CC=C1,10724
Fmoc,*CC(=O)OCC1C3C(C2C1C=CC=C2)C=CC=C3,3053
FMOC,*CC(=O)OCC1C3C(C2C1C=CC=C2)C=CC=C3,211
fmoc,*CC(=O)OCC1C3C(C2C1C=CC=C2)C=CC=C3,103
PMB,*CC1=CC=C(OC)C=C1,5232
MPM,*CC1=CC=C(OC)C=C1,123
Ms,*S(=O)(=O)C,1664
Tf,*S(=O)(=O)C(F)(F)F,467
Bs,*S(=O)(=O)C1=CC=CC=C1,390
Ts,*S(=O)(=O)C1=CC=C(C)C=C1,4545
Tos,*S(=O)(=O)C1=CC=C(C)C=C1,202
Ns,*S(=O)(=O)C1=CC=C(C=C1)[N+](=O)[O-],1417
Pmc,*S(=O)(=O)C1=C(C2=C(C(=C1C)C)OC(CC2)(C)C)C,6
Pbf,*S(=O)(=O)C1=C(C2=C(C(=C1C)C)OC(C)(C)C2)C,207
TMS,*[Si](C)(C)C,7288
TES,*[Si](CC)(CC)CC,832
TIPS,*[Si](C(C)C)(C(C)C)C(C)C,810
TPS,*[Si](C(C)C)(C(C)C)C(C)C,58
TBS,*[Si](C)(C)C(C)(C)C,1801
TBDMS,*[Si](C)(C)C(C)(C)C,1723
SMDBT,*[Si](C)(C)C(C)(C)C,107
DMPS,*[Si](C)(C)C1=CC=CC=C1,2
TBDPS,*[Si](C(C)(C)C)(C1=CC=CC=C1)C2=CC=CC=C2,525
SEM,*COCC[Si](C)(C)C,8026
MES,*COCC[Si](C)(C)C,61
Teoc,*C(=O)OCC[Si](C)(C)C,187
CPh3,*C(C1=CC=CC=C1)(C2=CC=CC=C2)C3=CC=CC=C3,864
Ph3C,*C(C1=CC=CC=C1)(C2=CC=CC=C2)C3=CC=CC=C3,203
OPh,*OC1=CC=CC=C1,3992
PhO,*OC1=CC=CC=C1,3093
OCy,*OC1CCCCC1,22
CyO,*OC1CCCCC1,15
OHex,*OCCCCCC,24
HexO,*OCCCCCC,4
Oall,*OC=C,7
OAll,*OC=C,32
allO,*OC=C,1
AllO,*OC=C,6
OMOM,*OCOC,3084
MOMO,*OCOC,3697
OMEM,*OCOCCOC,172
MEMO,*OCOCCOC,339
OAlloc,*OC(=O)OCC=C,26
OAOC,*OC(=O)OCC=C,44
AllocO,*OC(=O)OCC=C,35
AOCO,*OC(=O)OCC=C,21
OBn,*OCC1=CC=CC=C1,27544
OBzl,*OCC1=CC=CC=C1,112
BnO,*OCC1=CC=CC=C1,20702
BzlO,*OCC1=CC=CC=C1,36
OTrt,*OC(C1=CC=CC=C1)(C2=CC=CC=C2)C3=CC=CC=C3,48
OTr,*OC(C1=CC=CC=C1)(C2=CC=CC=C2)C3=CC=CC=C3,220
TrtO,*OC(C1=CC=CC=C1)(C2=CC=CC=C2)C3=CC=CC=C3,188
TrO,*OC(C1=CC=CC=C1)(C2=CC=CC=C2)C3=CC=CC=C3,475
OMes,*OC1=C(C)C=C(C)C=C1C,17
MesO,*OC1=C(C)C=C(C)C=C1C,11
ONap,*OCC1=CC=C2C(=C1)C=CC=C2,133
NapO,*OCC1=CC=C2C(=C1)C=CC=C2,211
OAd,*OC13CC2CC(C1)CC(C2)C3,6
AdO,*OC13CC2CC(C1)CC(C2)C3,3
OTHP,*OC1CCCCO1,1990
THPO,*OC1CCCCO1,1596
OAc,*OC(C)=O,25536
OAC,*OC(C)=O,4397
AcO,*OC(C)=O,22618
ACO,*OC(C)=O,745
OPiv,*OC(=O)C(C)(C)C,698
PivO,*OC(=O)C(C)(C)C,738
OPv,*OC(=O)C(C)(C)C,304
PvO,*OC(=O)C(C)(C)C,46
OTFA,*OC(=O)C(F)(F)F,5
TFAO,*OC(=O)C(F)(F)F,3
OBoc,*OC(=O)OC(C)(C)C,501
OBOC,*OC(=O)OC(C)(C)C,29
BocO,*OC(=O)OC(C)(C)C,859
BOCO,*OC(=O)OC(C)(C)C,24
OTroc,*OC(=O)OCC(Cl)(Cl)Cl,77
TrocO,*OC(=O)OCC(Cl)(Cl)Cl,26
OPMP,*OC1=CC=C(C=C1)OC,47
PMPO,*OC1=CC=C(C=C1)OC,11
OBOM,*OCOCC1=CC=CC=C1,127
BOMO,*OCOCC1=CC=CC=C1,21
OPNB,*OCC1=CC=C(C=C1)[N+](=O)[O-],52
PNBO,*OCC1=CC=C(C=C1)[N+](=O)[O-],25
OBz,*OC(=O)C1=CC=CC=C1,6004
BzO,*OC(=O)C1=CC=CC=C1,8684
OMMT,*OC(C1=CC=CC=C1)(C2=CC=CC=C2)C3=CC=C(C=C3)OC,41
OMMTr,*OC(C1=CC=CC=C1)(C2=CC=CC=C2)C3=CC=C(C=C3)OC,35
MMTO,*OC(C1=CC=CC=C1)(C2=CC=CC=C2)C3=CC=C(C=C3)OC,92
MMTrO,*OC(C1=CC=CC=C1)(C2=CC=CC=C2)C3=CC=C(C=C3)OC,570
ODMT,*OC(C1=CC=CC=C1)(C2=CC=C(C=C2)OC)C3=CC=C(C=C3)OC,1494
ODMTr,*OC(C1=CC=CC=C1)(C2=CC=C(C=C2)OC)C3=CC=C(C=C3)OC,864
DMTO,*OC(C1=CC=CC=C1)(C2=CC=C(C=C2)OC)C3=CC=C(C=C3)OC,2051
DMTrO,*OC(C1=CC=CC=C1)(C2=CC=C(C=C2)OC)C3=CC=C(C=C3)OC,2947
OCbz,*OC(=O)OCC1=CC=CC=C1,60
CbzO,*OC(=O)OCC1=CC=CC=C1,109
OFmoc,*OCC(=O)OCC1C3C(C2C1C=CC=C2)C=CC=C3,96
FmocO,*OCC(=O)OCC1C3C(C2C1C=CC=C2)C=CC=C3,61
OPMB,*OCC1=CC=C(OC)C=C1,4102
PMBO,*OCC1=CC=C(OC)C=C1,1418
OMPM,*OCC1=CC=C(OC)C=C1,503
MPMO,*OCC1=CC=C(OC)C=C1,343
OMs,*OS(=O)(=O)C,4207
MsO,*OS(=O)(=O)C,2600
OTf,*OS(=O)(=O)C(F)(F)F,4063
TfO,*OS(=O)(=O)C(F)(F)F,2415
OTs,*OS(=O)(=O)C1=CC=C(C)C=C1,2848
TsO,*OS(=O)(=O)C1=CC=C(C)C=C1,1936
OTos,*OS(=O)(=O)C1=CC=C(C)C=C1,124
TosO,*OS(=O)(=O)C1=CC=C(C)C=C1,54
OTMS,*O[Si](C)(C)C,2049
TMSO,*O[Si](C)(C)C,984
OTES,*O[Si](CC)(CC)CC,2275
TESO,*O[Si](CC)(CC)CC,753
OTIPS,*O[Si](C(C)C)(C(C)C)C(C)C,983
TIPSO,*O[Si](C(C)C)(C(C)C)C(C)C,788
OTPS,*O[Si](C(C)C)(C(C)C)C(C)C,13
TPSO,*O[Si](C(C)C)(C(C)C)C(C)C,80
OTBS,*O[Si](C)(C)C(C)(C)C,13106
TBSO,*O[Si](C)(C)C(C)(C)C,11453
ODMPS,*O[Si](C)(C)C1=CC=CC=C1,26
DMPSO,*O[Si](C)(C)C1=CC=CC=C1,0
OTBDMS,*O[Si](C)(C)C(C)(C)C,3833
TBDMSO,*O[Si](C)(C)C(C)(C)C,2745
OTBDPS,*O[Si](C(C)(C)C)(C1=CC=CC=C1)C2=CC=CC=C2,2883
TBDPSO,*O[Si](C(C)(C)C)(C1=CC=CC=C1)C2=CC=CC=C2,2617
OSEM,*OCOCC[Si](C)(C)C,269
SEMO,*OCOCC[Si](C)(C)C,91
COOBn,*C(=O)OCC1=CC=CC=C1,485
CO2Bn,*C(=O)OCC1=CC=CC=C1,1205
BnOOC,*C(=O)OCC1=CC=CC=C1,116
BnO2C,*C(=O)OCC1=CC=CC=C1,173
NHPh,*NC1=CC=CC=C1,420
PhHN,*NC1=CC=CC=C1,121
PhNH,*NC1=CC=CC=C1,78
NPh2,*N(C1=CC=CC=C1)C2=CC=CC=C2,858
N(Ph)2,*N(C1=CC=CC=C1)C2=CC=CC=C2,28
Ph2N,*N(C1=CC=CC=C1)C2=CC=CC=C2,659
(Ph)2N,*N(C1=CC=CC=C1)C2=CC=CC=C2,3
NHCy,*NC1CCCCC1,21
NHAlloc,*NC(=O)OCC=C,119
AllocHN,*NC(=O)OCC=C,80
AllocNH,*NC(=O)OCC=C,1
NHBn,*NCC1=CC=CC=C1,330
BnHN,*NCC1=CC=CC=C1,198
BnNH,*NCC1=CC=CC=C1,2
NBn2,*N(CC1=CC=CC=C1)CC1=CC=CC=C1,352
N(Bn)2,*N(CC1=CC=CC=C1)CC2=CC=CC=C2,49
Bn2N,*N(CC1=CC=CC=C1)CC1=CC=CC=C1,294
(Bn)2N,*N(CC1=CC=CC=C1)CC1=CC=CC=C1,10
NHTr,*NC(C1=CC=CC=C1)(C2=CC=CC=C2)C3=CC=CC=C3,139
TrHN,*NC(C1=CC=CC=C1)(C2=CC=CC=C2)C3=CC=CC=C3,159
TrNH,*NC(C1=CC=CC=C1)(C2=CC=CC=C2)C3=CC=CC=C3,6
NHTrt,*NC(C1=CC=CC=C1)(C2=CC=CC=C2)C3=CC=CC=C3,95
TrtHN,*NC(C1=CC=CC=C1)(C2=CC=CC=C2)C3=CC=CC=C3,108
TrtNH,*NC(C1=CC=CC=C1)(C2=CC=CC=C2)C3=CC=CC=C3,4
NHMes,*NC1=C(C)C=C(C)C=C1C,4
MesHN,*NC1=C(C)C=C(C)C=C1C,0
MesNH,*NC1=C(C)C=C(C)C=C1C,0
NHDipp,*NC1=C(C=CC=C1C(C)C)C(C)C,0
DippHN,*NC1=C(C=CC=C1C(C)C)C(C)C,0
DippNH,*NC1=C(C=CC=C1C(C)C)C(C)C,0
NHAc,*NC(C)=O,7828
NHAC,*NC(C)=O,3303
AcHN,*NC(C)=O,16716
ACHN,*NC(C)=O,3245
AcNH,*NC(C)=O,455
ACNH,*NC(C)=O,50
NAc2,*N(C(C)=O)C(C)=O,32
N(Ac)2,*N(C(C)=O)C(C)=O,0
Ac2N,*N(C(C)=O)C(C)=O,25
(Ac)2N,*N(C(C)=O)C(C)=O,0
NHPiv,*NC(=O)C(C)(C)C,62
PivHN,*NC(=O)C(C)(C)C,15
PivNH,*NC(=O)C(C)(C)C,0
NHBoc,*NC(=O)OC(C)(C)C,22597
NHBOC,*NC(=O)OC(C)(C)C,1673
BocHN,*NC(=O)OC(C)(C)C,17817
BOCHN,*NC(=O)OC(C)(C)C,622
BocNH,*NC(=O)OC(C)(C)C,892
BOCNH,*NC(=O)OC(C)(C)C,253
NBoc2,*N(C(=O)OC(C)(C)C)C(=O)OC(C)(C)C,437
NBOC2,*N(C(=O)OC(C)(C)C)C(=O)OC(C)(C)C,5
N(Boc)2,*N(C(=O)OC(C)(C)C)C(=O)OC(C)(C)C,549
N(BOC)2,*N(C(=O)OC(C)(C)C)C(=O)OC(C)(C)C,35
Boc2N,*N(C(=O)OC(C)(C)C)C(=O)OC(C)(C)C,102
BOC2N,*N(C(=O)OC(C)(C)C)C(=O)OC(C)(C)C,10
(Boc)2N,*N(C(=O)OC(C)(C)C)C(=O)OC(C)(C)C,178
(BOC)2N,*N(C(=O)OC(C)(C)C)C(=O)OC(C)(C)C,16
NHTroc,*NC(=O)OCC(Cl)(Cl)Cl,111
TrocHN,*NC(=O)OCC(Cl)(Cl)Cl,103
TrocNH,*NC(=O)OCC(Cl)(Cl)Cl,0
NHBz,*NC(=O)C1=CC=CC=C1,2542
BzHN,*NC(=O)C1=CC=CC=C1,376
BzNH,*NC(=O)C1=CC=CC=C1,9
NBz2,*N(C(=O)C1=CC=CC=C1)C(=O)C2=CC=CC=C2,26
N(Bz)2,*N(C(=O)C1=CC=CC=C1)C(=O)C2=CC=CC=C2,12
Bz2N,*N(C(=O)C1=CC=CC=C1)C(=O)C2=CC=CC=C2,0
(Bz)2N,*N(C(=O)C1=CC=CC=C1)C(=O)C2=CC=CC=C2,0
NHMMT,*NC(C1=CC=CC=C1)(C2=CC=CC=C2)C3=CC=C(C=C3)OC,127
MMTHN,*NC(C1=CC=CC=C1)(C2=CC=CC=C2)C3=CC=C(C=C3)OC,0
MMTNH,*NC(C1=CC=CC=C1)(C2=CC=CC=C2)C3=CC=C(C=C3)OC,15
NHMMTr,*NC(C1=CC=CC=C1)(C2=CC=CC=C2)C3=CC=C(C=C3)OC,1177
MMTrHN,*NC(C1=CC=CC=C1)(C2=CC=CC=C2)C3=CC=C(C=C3)OC,34
MMTrNH,*NC(C1=CC=CC=C1)(C2=CC=CC=C2)C3=CC=C(C=C3)OC,8
NHDMT,*NC(C1=CC=CC=C1)(C2=CC=C(C=C2)OC)C3=CC=C(C=C3)OC,30
DMTHN,*NC(C1=CC=CC=C1)(C2=CC=C(C=C2)OC)C3=CC=C(C=C3)OC,0
DMTNH,*NC(C1=CC=CC=C1)(C2=CC=C(C=C2)OC)C3=CC=C(C=C3)OC,0
NHDMTr,*NC(C1=CC=CC=C1)(C2=CC=C(C=C2)OC)C3=CC=C(C=C3)OC,160
DMTrHN,*NC(C1=CC=CC=C1)(C2=CC=C(C=C2)OC)C3=CC=C(C=C3)OC,0
DMTrNH,*NC(C1=CC=CC=C1)(C2=CC=C(C=C2)OC)C3=CC=C(C=C3)OC,0
NHCbz,*NC(=O)OCC1=CC=CC=C1,3598
CbzHN,*NC(=O)OCC1=CC=CC=C1,3141
CbzNH,*NC(=O)OCC1=CC=CC=C1,99
NHFmoc,*NCC(=O)OCC1C3C(C2C1C=CC=C2)C=CC=C3,1448
FmocHN,*NCC(=O)OCC1C3C(C2C1C=CC=C2)C=CC=C3,1721
FmocNH,*NCC(=O)OCC1C3C(C2C1C=CC=C2)C=CC=C3,124
NHPMB,*NCC1=CC=C(OC)C=C1,156
PMBHN,*NCC1=CC=C(OC)C=C1,19
NPMB2,*N(CC1=CC=C(OC)C=C1)CC2=CC=C(OC)C=C2,62
PMB2N,*N(CC1=CC=C(OC)C=C1)CC2=CC=C(OC)C=C2,0
N(PMB)2,*N(CC1=CC=C(OC)C=C1)CC2=CC=C(OC)C=C2,97
(PMB)2N,*N(CC1=CC=C(OC)C=C1)CC2=CC=C(OC)C=C2,79
NHMs,*NS(=O)(=O)C,383
MsHN,*NS(=O)(=O)C,794
MsNH,*NS(=O)(=O)C,10
NMs2,*N(S(=O)(=O)C)S(=O)(=O)C,6
N(Ms)2,*N(S(=O)(=O)C)S(=O)(=O)C,1
NHTf,*NS(=O)(=O)C(F)(F)F,4
TfHN,*NS(=O)(=O)C(F)(F)F,0
TfNH,*NS(=O)(=O)C(F)(F)F,0
NTf2,*N(S(=O)(=O)C(F)(F)F)S(=O)(=O)C(F)(F)F,42
N(Tf)2,*N(S(=O)(=O)C(F)(F)F)S(=O)(=O)C(F)(F)F,9
Tf2N,*N(S(=O)(=O)C(F)(F)F)S(=O)(=O)C(F)(F)F,12
(Tf)2N,*N(S(=O)(=O)C(F)(F)F)S(=O)(=O)C(F)(F)F,0
NHTs,*NS(=O)(=O)C1=CC=C(C)C=C1,293
TsHN,*NS(=O)(=O)C1=CC=C(C)C=C1,133
TsNH,*NS(=O)(=O)C1=CC=C(C)C=C1,13
NHPbf,*NS(=O)(=O)C1=C(C2=C(C(=C1C)C)OC(C)(C)C2)C,51
PbfHN,*NS(=O)(=O)C1=C(C2=C(C(=C1C)C)OC(C)(C)C2)C,10
PbfNH,*NS(=O)(=O)C1=C(C2=C(C(=C1C)C)OC(C)(C)C2)C,0
NHTMS,*N[Si](C)(C)C,10
TMSHN,*N[Si](C)(C)C,0
TMSNH,*N[Si](C)(C)C,1
NHTeoc,*NC(=O)OCC[Si](C)(C)C,274
TeocHN,*NC(=O)OCC[Si](C)(C)C,36
TeocNH,*NC(=O)OCC[Si](C)(C)C,6
SPh,*SC1=CC=CC=C1,1340
PhS,*SC1=CC=CC=C1,402
SBn,*SCC1=CC=CC=C1,151
BnS,*SCC1=CC=CC=C1,69
STrt,*SC(C1=CC=CC=C1)(C2=CC=CC=C2)C3=CC=CC=C3,394
TrtS,*SC(C1=CC=CC=C1)(C2=CC=CC=C2)C3=CC=CC=C3,309
STr,*SC(C1=CC=CC=C1)(C2=CC=CC=C2)C3=CC=CC=C3,48
TrS,*SC(C1=CC=CC=C1)(C2=CC=CC=C2)C3=CC=CC=C3,100
SAc,*SC(=O)C,537
AcS,*SC(C)=O,796
SO2Ph,*S(=O)(=O)C1=CC=CC=C1,2631
PhO2S,*S(=O)(=O)C1=CC=CC=C1,969
BPh2,*B(C1=CC=CC=C1)C2=CC=CC=C2,20
Ph2B,*B(C1=CC=CC=C1)C2=CC=CC=C2,17
Bpin,*B1OC(C(O1)C)(C)C,367
pinB,*B1OC(C(O1)C)(C)C,202
PPh2,*P(C1=CC=CC=C1)C2=CC=CC=C2,3944
Ph2P,*P(C1=CC=CC=C1)C2=CC=CC=C2,1349
PCy2,*P(C1CCCCC1)C1CCCCC1,417
Cy2P,*P(C1CCCCC1)C1CCCCC1,161
SiPh3,*[Si](C1=CC=CC=C1)(C2=CC=CC=C2)C3=CC=CC=C3,533
Ph3Si,*[Si](C1=CC=CC=C1)(C2=CC=CC=C2)C3=CC=CC=C3,370
(CH2),*C*,3512
(CH2)2,*CC*,3984
(CH2)3,*CCC*,5776
(CH2)4,*CCCC*,3939
(CH2)5,*CCCCC*,703
(CH2)6,*CCCCCC*,1671
(CH2)7,*CCCCCCC*,467
(CH2)8,*CCCCCCCC*,413
(CH2)9,*CCCCCCCCC*,182
(CH2)10,*CCCCCCCCCC*,338
(CH2)11,*CCCCCCCCCCC*,122
(CH2)12,*CCCCCCCCCCCC*,109
(CH2)13,*CCCCCCCCCCCCC*,28
(CH2)14,*CCCCCCCCCCCCCC*,44
(CH2)15,*CCCCCCCCCCCCCCC*,48
(CH2)16,*CCCCCCCCCCCCCCCC*,2
(CH2)17,*CCCCCCCCCCCCCCCCC*,54
(CH2)18,*CCCCCCCCCCCCCCCCCC*,9
(CH2)19,*CCCCCCCCCCCCCCCCCCC*,4
(CH2)20,*CCCCCCCCCCCCCCCCCCCC*,2
(H2C),*C*,61
(H2C)2,*CC*,185
(H2C)3,*CCC*,70
(H2C)4,*CCCC*,48
(H2C)5,*CCCCC*,12
(H2C)6,*CCCCCC*,36
(H2C)7,*CCCCCCC*,19
(H2C)8,*CCCCCCCC*,14
(H2C)9,*CCCCCCCCC*,1
(H2C)10,*CCCCCCCCCC*,0
C2H4,*CC*,1752
C3H6,*CCC*,537
C4H8,*CCCC*,194
C5H10,*CCCCC*,63
C6H12,*CCCCCC*,67
C7H14,*CCCCCCC*,51
C8H16,*CCCCCCCC*,12
C9H18,*CCCCCCCCC*,6
C10H20,*CCCCCCCCCC*,5
H4C2,*CC*,4
CH2CH2,*CC*,3308
CH2CH2CH2,*CCC*,198
CH2CH2CH2CH2,*CCCC*,260
CH2CH2CH2CH2CH2,*CCCCC*,7
H2CH2C,*CC*,135
CD2,*C([2H])([2H])*,1020
D2C,*C([2H])([2H])*,1340
(CD2)2,*C([2H])([2H])C([2H])([2H])*,2
(CD2)3,*C([2H])([2H])C([2H])([2H])C([2H])([2H])*,0
(CD2)4,*C([2H])([2H])C([2H])([2H])C([2H])([2H])C([2H])([2H])*,2
CF2,*C(F)(F)*,14880
F2C,*C(F)(F)*,9731
CF2CF2,*C(F)(F)C(F)(F)*,528
CF2CF2CF2,*C(F)(F)C(F)(F)C(F)(F)*,18
(CF2)2,*C(F)(F)C(F)(F)*,22
(CF2)3,*C(F)(F)C(F)(F)C(F)(F)*,37
(CF2)4,*C(F)(F)C(F)(F)C(F)(F)C(F)(F)*,30
(CF2)5,*C(F)(F)C(F)(F)C(F)(F)C(F)(F)C(F)(F)*,15
(CF2)6,*C(F)(F)C(F)(F)C(F)(F)C(F)(F)C(F)(F)C(F)(F)*,93
(CF2)7,*C(F)(F)C(F)(F)C(F)(F)C(F)(F)C(F)(F)C(F)(F)C(F)(F)*,13
(CF2)8,*C(F)(F)C(F)(F)C(F)(F)C(F)(F)C(F)(F)C(F)(F)C(F)(F)C(F)(F)*,0
(CF2)9,*C(F)(F)C(F)(F)C(F)(F)C(F)(F)C(F)(F)C(F)(F)C(F)(F)C(F)(F)C(F)(F)*,1
(CF2)10,*C(F)(F)C(F)(F)C(F)(F)C(F)(F)C(F)(F)C(F)(F)C(F)(F)C(F)(F)C(F)(F)C(F)(F)*,0
CO,*C(*)=O,11625
OC,*C(*)=O,3068
C(O),*C(*)=O,837
CH2O,*CO*,3958
OCH2,*OC*,2560
CF2O,*C(F)(F)O*,15463
OCF2,*OC(F)(F)*,546
ND,*N(*)[2H],953
NMe,*N(*)C,2673
N-Me,*N(*)C,892
NEt,*N(*)CC,290
NPr,*N(*)CCC,8
NBu,*N(*)CCCC,76
MeN,*N(*)C,1643
Me-N,*N(*)C,417
EtN,*N(*)CC,140
PrN,*N(*)CCC,14
BuN,*N(*)CCCC,31
NCH3,*N(*)C,1014
NC2H5,*N(*)CC,25
NC3H7,*N(*)CCC,4
NC4H9,*N(*)CCCC,5
CH3N,*N(*)C,85
C2H5N,*N(*)CC,12
C3H7N,*N(*)CCC,1
C4H9N,*N(*)CCCC,3
H3CN,*N(*)C,261
H5C2N,*N(*)CC,6
H7C3N,*N(*)CCC,0
H9C4N,*N(*)CCCC,0
CONH,*C(=O)N*,8744
NHCO,*NC(=O)*,4506
SO2,*S(*)(=O)=O,18921
O2S,*S(*)(=O)=O,5516
S(O)2,*S(=O)(=O)*,127
(O)2S,*S(=O)(=O)*,251
OSO2,*OS(=O)(=O)*,322
O2SO,*S(=O)(=O)O*,50
SO2NH,*S(=O)(=O)N*,2368
NHSO2,*NS(=O)(=O)*,3012
NPh,*N(*)C1=CC=CC=C1,301
N-Ph,*N(*)C1=CC=CC=C1,158
PhN,*N(*)C1=CC=CC=C1,118
Ph-N,*N(*)C1=CC=CC=C1,61
NCy,*N(*)C1CCCCC1,19
CyN,*N(*)C1CCCCC1,61
NBn,*N(*)CC1=CC=CC=C1,507
N-Bn,*N(*)CC1=CC=CC=C1,101
BnN,*N(*)CC1=CC=CC=C1,398
Bn-N,*N(*)CC1=CC=CC=C1,63
NTrt,*N(*)C(C1=CC=CC=C1)(C2=CC=CC=C2)C3=CC=CC=C3,4
N-Trt,*N(*)C(C1=CC=CC=C1)(C2=CC=CC=C2)C3=CC=CC=C3,10
TrtN,*N(*)C(C1=CC=CC=C1)(C2=CC=CC=C2)C3=CC=CC=C3,22
Trt-N,*N(*)C(C1=CC=CC=C1)(C2=CC=CC=C2)C3=CC=CC=C3,0
MesN,*N(*)C1=C(C)C=C(C)C=C1C,89
NMes,*N(*)C1=C(C)C=C(C)C=C1C,101
NDipp,*N(*)C1=C(C=CC=C1C(C)C)C(C)C,0
DippN,*N(*)C1=C(C=CC=C1C(C)C)C(C)C,0
NAc,*N(*)C(=O)C,315
N-Ac,*N(*)C(=O)C,22
AcN,*N(*)C(=O)C,279
Ac-N,*N(*)C(=O)C,13
NBoc,*N(*)C(=O)OC(C)(C)C,9250
BocN,*N(*)C(=O)OC(C)(C)C,7389
N-Boc,*N(*)C(=O)OC(C)(C)C,1379
Boc-N,*N(*)C(=O)OC(C)(C)C,732
NBOC,*N(*)C(=O)OC(C)(C)C,489
BOCN,*N(*)C(=O)OC(C)(C)C,322
N-BOC,*N(*)C(=O)OC(C)(C)C,96
BOC-N,*N(*)C(=O)OC(C)(C)C,106
NTroc,*N(*)C(=O)OCC(Cl)(Cl)Cl,157
TrocN,*N(*)C(=O)OCC(Cl)(Cl)Cl,5
NBz,*N(*)C(=O)C1=CC=CC=C1,142
N-Bz,*N(*)C(=O)C1=CC=CC=C1,1
BzN,*N(*)C(=O)C1=CC=CC=C1,104
Bz-N,*N(*)C(=O)C1=CC=CC=C1,4
NCbz,*N(*)C(=O)OCC1=CC=CC=C1,551
N-Cbz,*N(*)C(=O)OCC1=CC=CC=C1,165
CbzN,*N(*)C(=O)OCC1=CC=CC=C1,1001
Cbz-N,*N(*)C(=O)OCC1=CC=CC=C1,75
NFmoc,*N(*)CC(=O)OCC1C3C(C2C1C=CC=C2)C=CC=C3,60
N-Fmoc,*N(*)CC(=O)OCC1C3C(C2C1C=CC=C2)C=CC=C3,53
FmocN,*N(*)CC(=O)OCC1C3C(C2C1C=CC=C2)C=CC=C3,102
Fmoc-N,*N(*)CC(=O)OCC1C3C(C2C1C=CC=C2)C=CC=C3,66
NPMB,*N(*)CC1=CC=C(OC)C=C1,95
N-PMB,*N(*)CC1=CC=C(OC)C=C1,21
PMBN,*N(*)CC1=CC=C(OC)C=C1,75
PMB-N,*N(*)CC1=CC=C(OC)C=C1,20
NMs,*N(*)S(=O)(=O)C,92
MsN,*N(*)S(=O)(=O)C,20
NTf,*N(*)S(=O)(=O)C(F)(F)F,9
TfN,*N(*)S(=O)(=O)C(F)(F)F,3
NBs,*N(*)S(=O)(=O)C1=CC=CC=C1,3
BsN,*N(*)S(=O)(=O)C1=CC=CC=C1,5
NTs,*N(*)S(=O)(=O)C1=CC=C(C)C=C1,387
N-Ts,*N(*)S(=O)(=O)C1=CC=C(C)C=C1,44
TsN,*N(*)S(=O)(=O)C1=CC=C(C)C=C1,135
Ts-N,*N(*)S(=O)(=O)C1=CC=C(C)C=C1,37
NPbf,*N(*)S(=O)(=O)C1=C(C2=C(C(=C1C)C)OC(C)(C)C2)C,57
PbfN,*N(*)S(=O)(=O)C1=C(C2=C(C(=C1C)C)OC(C)(C)C2)C,0
NTeoc,*N(*)C(=O)OCC[Si](C)(C)C,20
TeocN,*N(*)C(=O)OCC[Si](C)(C)C,135
CH2OCH3,*COC,1646
CH2COOH,*CC(=O)O,1557
NHSO2CH3,*NS(=O)(=O)C,1424
MgBr,*[Mg]Br,1360
OCOCH3,*OC(=O)C,1202
CH2CH2OH,*CCO,1168
NHCONH,*NC(=O)N*,1088
CH2NH2,*CN,1054
ZrCl2,*[Zr](*)(Cl)Cl,877
CH2CH2O,*CCO*,870
NHCO2Me,*NC(=O)OC,745
NHSO2Me,*NS(=O)(=O)C,703
OCH2Ph,*OCC1=CC=CC=C1,653
CONHMe,*C(=O)NC,641
BrMg,*[Mg]Br,614
OSO2CF3,*OS(=O)(=O)C(F)(F)F,529
CONMe2,*C(=O)N(C)C,520
NHNH,*NN*,519
CH2Ph,*CC1=CC=CC=C1,495
OCH2CF3,*OCC(F)(F)F,494
SO2F,*S(=O)(=O)F,478
NHCOCF3,*NC(=O)C(F)(F)F,476
ONH2,*ON,467
OCH2CH2,*OCC*,451
OSO2CH3,*OS(=O)(=O)C,425
CH2CN,*CC#N,418
OSiMe3,*O[Si](C)(C)C,407
CH2CF3,*CC(F)(F)F,391
NHCHO,*NC=O,362
C2H4OH,*CCO,347
MgCl,*[Mg]Cl,345
SiMe2,*[Si](*)(C)C,342
OCH2OCH3,*OCOC,319
SNa,*[S-][Na+],318
OCHO,*OC=O,305
CO2Ph,*C(=O)OC1=CC=CC=C1,302
OSi(CH3)3,*O[Si](C)(C)C,288
OSiEt3,*O[Si](CC)(CC)CC,285
NOCH3,*N(*)OC,281
CH2CO2H,*CC(=O)O,280
OPO3H2,*OP(=O)(O)O,255
OCH2CH2OH,*OCCO,244
HONH,*NO,236
C2H4O,*CCO*,227
SO2NMe2,*S(=O)(=O)N(C)C,222
F3Si,*[Si](F)(F)F,209
SiCl3,*[Si](Cl)(Cl)Cl,209
ZnBr,*[Zn]Br,207
SF4Cl,*S(F)(F)(F)(F)Cl,202
H2NO,*ON,200
OSO2NH2,*OS(=O)(=O)N,200
SO2CF2H,*S(=O)(=O)C(F)F,197
CH2OAc,*COC(C)=O,186
SiF3,*[Si](F)(F)F,185
Me3SiO,*O[Si](C)(C)C,172
OCH2CH2OCH3,*OCCOC,166
NHSO2Et,*NS(=O)(=O)CC,163
Et3SiO,*O[Si](CC)(CC)CC,159
F3CH2CO,*OCC(F)(F)F,158
CH3SO2NH,*NS(=O)(=O)C,156
CONEt2,*C(=O)N(CC)CC,155
NH-Boc,*NC(=O)OC(C)(C)C,154
PPh3Br,*P(C1=CC=CC=C1)(C2=CC=CC=C2)(C3=CC=CC=C3)[Br],154
O(CH2)6O,*OCCCCCCO*,145
H3COCO,*OC(=O)C,135
C12H25-n,*CCCCCCCCCCCC,132
OSitBuMe2,*O[Si](C)(C)C(C)(C)C,128
CF2Cl,*C(F)(F)Cl,121
O(CH2)3,*OCCC*,116
CONHEt,*C(=O)NCC,114
SO2NHCH3,*S(=O)(=O)NC,109
BOH,*B(*)O,107
NHSO2Ph,*NS(=O)(=O)C1=CC=CC=C1,103
NHCO2Et,*NC(=O)OCC,102
OSO2Me,*OS(=O)(=O)C,102
C3H6O,*CCCO*,99
BrZn,*[Zn]Br,98
Ti(CH3)2,*[Ti](*)(C)C,98
NHSO2NH2,*NS(=O)(=O)N,97
SO2Mes,*S(=O)(=O)C1=C(C)C=C(C)C=C1C,96
(CH2)4O,*CCCCO*,93
Me2NO2S,*S(=O)(=O)N(C)C,91
OSO2F,*OS(=O)(=O)F,90
P(O)Ph2,*P(=O)(C1=CC=CC=C1)C2=CC=CC=C2,90
COOCH2Ph,*C(=O)OCC1=CC=CC=C1,83
CH2SH,*CS,77
O(CH2)6,*OCCCCCC*,76
NSEM,*N(*)COCC[Si](C)(C)C,73
OCH2OC2H5,*OCOCC,67
CH2CO2CH3,*CC(=O)OC,66
OCF2CF3,*OC(F)(F)C(F)(F)F,66
OCH2CO2H,*OCC(=O)O,66
Cl2Zr,*[Zr](*)(Cl)Cl,65
CF3CH2,*CC(F)(F)F,63
CH2COOC2H5,*CC(=O)OCC,63
OSO2Ph,*OS(=O)(=O)C1=CC=CC=C1,63
Ph3CO,*OC(C1=CC=CC=C1)(C2=CC=CC=C2)C3=CC=CC=C3,62
O(CH2)4O,*OCCCCO*,59
NHCOOEt,*NC(=O)OCC,57
CF2CF2H,*C(F)(F)C(F)F,56
(H3C)3SiO,*O[Si](C)(C)C,54
O(CH2)4,*OCCCC*,54
Cl3Si,*[Si](Cl)(Cl)Cl,53
(CH2)3CO2H,*CCCC(=O)O,49
MeSO2NH,*NS(=O)(=O)C,46
(CH3)3SiO,*O[Si](C)(C)C,38
O(CH2)3O,*OCCCO*,38
Si(OEt)2,*[Si](*)(OCC)OCC,37
Cu(OAc)2,*[Cu](*)(OC(C)=O)OC(C)=O,36
H3CF2C,*C(F)(F)C,36
OCH2CH2CH2CH2CH2CH3,*OCCCCCC,35
SCH2CN,*SCC#N,35
(CH2CH2O)4H,*CCOCCOCCOCCO,34
ClMg,*[Mg]Cl,34
H2NCH2,*CN,33
HOB,*B(*)O,33
O(CH2)15CH3,*OCCCCCCCCCCCCCCCC,33
t-BuMe2SiO,*O[Si](C)(C)C(C)(C)C,33
OCH2CN,*OCC#N,32
H3C(H2C)3,*CCCC,30
CH2(CH2)4CH3,*CCCCCC,28
NHNHCOCF3,*NNC(=O)C(F)(F)F,28
OCOMe,*OC(=O)C,28
Si(i-Pr)3,*[Si](C(C)C)(C(C)C)C(C)C,28
OHCO,*OC=O,27
SO2N3,*S(=O)(=O)N=[N+]=[N-],27
COOC8H17,*C(=O)OCCCCCCCC,25
NSO2Ph,*N(*)S(=O)(=O)C1=CC=CC=C1,25
N(H)Me,*NC,24
SO2NHOH,*S(=O)(=O)NO,24
(EtO)2Si,*[Si](*)(OCC)OCC,23
H3C(H2C)9,*CCCCCCCCCC,23
NHNHCOCH3,*NNC(=O)C,22
MeO2SO,*OS(=O)(=O)C,21
OCH2CO2Et,*OCC(=O)OCC,21
OSiMe2tBu,*O[Si](C)(C)C(C)(C)C,20
(i)C4H9OCNH,*NC(=O)CC(C)C,19
CH2CH2CH2COOH,*CCCC(=O)O,19
(CF2)4H,*C(F)(F)C(F)(F)C(F)(F)C(F)F,18
ONHMe,*ONC,18
N-SEM,*N(*)COCC[Si](C)(C)C,17
CH2CH2CH2NH2,*CCCN,16
MeSO2HN,*NS(=O)(=O)C,16
NSO2NH2,*N(*)S(=O)(=O)N,16
OCH2CH2F,*OCCF,16
S(O)2CH3,*S(=O)(=O)C,16
(CH2)2CN,*CCC#N,15
C3H6SO3K,*CCCS(=O)(=O)[O-][K+],15
CH2CH2Cl,*CC(Cl),15
CH3(CH2)7S,*SCCCCCCCC,12
COSH,*C(=O)S,12
H3CON,*N(*)OC,12
O(CH2)11CH3,*OCCCCCCCCCCCC,12
OSiMe2t-Bu,*O[Si](C)(C)C(C)(C)C,12
SO2CH2F,*S(=O)(=O)CF,12
NHSO2NH,*NS(=O)(=O)N*,11
CH2(CH2)9CH3,*CCCCCCCCCCC,10
N(SO2CH3)2,*N(S(=O)(=O)C)S(=O)(=O)C,10
NHSO2Bu,*NS(=O)(=O)CCCC,10
O(i-Pr),*OC(C)C,10
SO2HN,*NS(=O)(=O)*,10
(CH2)3CN,*CCCC#N,9
CO2CH2CN,*C(=O)OCC#N,9
CF2CF2CF2CF2H,*C(F)(F)C(F)(F)C(F)(F)C(F)F,8
NH(CH2)6,*NCCCCCC*,8
CH2CH2CH2Si(OC2H5)3,*CCC[Si](OCC)(OCC)OCC,7
H3C(H2C)4H2C,*CCCCCC,7
S(CH2)7CH3,*SCCCCCCCC,7
(CH2)2NH,*CCN*,6
(H3C)HNO2S,*S(=O)(=O)NC,6
EtO2CHN,*NC(=O)OCC,6
CH3(CH2)4CH2,*CCCCCC,5
CH2(CH2)7CH3,*CCCCCCCCC,4
CH2CH2CH2Cl,*CCCCl,4
CH3(CH2)7S(CH2)3S,*SCCCSCCCCCCCC,4
CH3(CH2)9S,*SCCCCCCCCCC,4
CONHCH2CF3,*C(=O)NCC(F)(F)F,4
PhO2C,*C(=O)OC1=CC=CC=C1,4
(CH2)11Me,*CCCCCCCCCCCC,3
SO2NH(CH2)2NH,*S(=O)(=O)NCCN*,3
CH2(CH2)6CH2,*CCCCCCCC*,2
CH3(CH2)10CH2,*CCCCCCCCCCCC,2
CO(CH2)6CH3,*C(=O)CCCCCCC,2
COO(CH2)4,*C(=O)OCCCC*,2
H2NCH2CH2CH2,*CCCN,2
HOHNO2S,*S(=O)(=O)NO,2
N(OH)CH3,*N(O)C,2
OPO3H-,*OP(=O)([O-])O,2
(CF2)8H,*C(F)(F)C(F)(F)C(F)(F)C(F)(F)C(F)(F)C(F)(F)C(F)(F)C(F)(F),1
(CH2)5Br,*CCCCCBr,1
N(Me)SO2Me,*N(C)S(=O)(=O)C,1
OCH2CH(C2H5)(CH2)3CH3,*OCC(CC)CCCC,1
P(O)(OK)2,*P(=O)([O-][K+])[O-][K+],1
(C2H4O)13,*CCOCCOCCOCCOCCOCCOCCOCCOCCOCCOCCOCCOCCO*,0
(COCH2CH2CH2CH2CH2CH2O)H,*C(=O)CCCCCCO,0
CH2(CF2)4CH2,*CC(F)(F)C(F)(F)C(F)(F)C(F)(F)C*,0
CH2CH(C2H5)(CH2)3CH3,*CC(CC)CCCC,0
CH2CH2C(O)OCH2CH3,*CCC(=O)OCC,0
CH2CH2CH2SCH3,*CCCSC,0
CH2CHMe2,*CC(C)C,0
CH2OCOCH2CH2CF3,*COC(=O)CCC(F)(F)F,0
ClCH2CH2CH2,*CCCCl,0
Et(H)N,*NCC,0
HSCH2(CH2)8CH2,*CCCCCCCCCCS,0
Me(H)N,*NC,0
N(H)Et,*NCC,0
NHC10H21,*NCCCCCCCCCC,0
O(CH2)10SH,*OCCCCCCCCCCS,0
OCHFCH2F,*OC(F)CF,0
OCOOMe,*OC(=O)OC,0
Si(NMe2)3,*[Si](N(C)C)(N(C)C)N(C)C,0
SO2CH2CH2CH2SO2NH,*S(=O)(=O)CCCS(=O)(=O)N*,0
SO2CH2CH2CH2SO2NHCH2CH2CH2O,*S(=O)(=O)CCCS(=O)(=O)NCCCO*,0
SO2NHBoc,*S(=O)(=O)NC(=O)OC(C)(C)C,0
NOH,*N(*)O,2368
SO2CBr3,*S(=O)(=O)C([Br])([Br])[Br],1858
HON,*N(*)O,1587
OCO,*OC(=O)*,1462
NH2 HCl,*[N+],1393
O'Bu,*OC(C)(C)C,927
HCl H2N,*[N+],779
CF3SO2HN,*NS(=O)(=O)C(F)(F)F,737
NH HCl,*[N+](*),722
O-Na+,*[O-][Na+],697
'Bu,*C(C)(C)C,690
H3COH2C,*COC,677
CO2'Bu,*C(=O)OC(C)(C)C,623
NCN,*N(*)C#N,592
COO-t-Bu,C(=O)OC(C)(C)C,585
OCHPh2,*OC(C1=CC=CC=C1)C2=CC=CC=C2,580
CONHOH,*C(=O)NO,554
C2H5OOC,*C(=O)OCC,553
'Pr,*C(C)C,552
Ph2C,*C(*)(C1=CC=CC=C1)C2=CC=CC=C2,542
CPh2,*C(*)(C1=CC=CC=C1)C2=CC=CC=C2,536
HNOC,*NC(=O)*,524
NHS,*N1C(CCC1=O)=O,512
CH2S,*CS*,482
MeO2CHN,*NC(=O)OC,448
NH2HCl,*[N+],444
C(O)NH2,*C(=O)N,437
CH3OOC,*C(=O)OC,432
CONHCH3,*C(=O)NC,431
NHNHCONH,*NNC(=O)N*,391
OCOPh,*OC(=O)C1=CC=CC=C1,387
tert-Bu,*C(C)(C)C,382
H3CHNOC,*C(=O)NC,379
COOPNB,*C(=O)OCC1=CC=C(C=C1)[N+](=O)[O-],371
CH2CO2Me,*CC(=O)OC,369
Me2Si,*[Si](*)(C)C,358
n-Hex,*CCCCCC,352
NH3Cl,*[N+],347
CH3CO,*C(=O)C,342
(H3C)2NOC,*C(=O)N(C)C,333
OCF2CF2H,*OC(F)(F)C(F)(F),329
C6F13,*C(F)(F)C(F)(F)C(F)(F)C(F)(F)C(F)(F)C(F)(F)F,319
OH2C,*OC*,309
PhSO2,*S(=O)(=O)C1=CC=CC=C1,301
N-Mes,*N(*)C1=C(C)C=C(C)C=C1C,291
COOC12H25,*C(=O)OCCCCCCCCCCCC,286
NHNHCHO,*NNC=O,285
CH3O2C,*C(=O)OC,280
OCONH2,*OC(=O)N,277
CO2PNB,*C(=O)OCC1=CC=C(C=C1)[N+](=O)[O-],274
O(CH2CH2O)3CH3,*OCCOCCOCCOC,272
OCH2CH2O,*OCCO*,270
CH2NH,*CN*,268
NHCONH2,*NC(=O)N,266
CH3OCH2,*COC,258
NHCN,*NC#N,246
DMB,*CC1=CC=C(C=C1OC)OC,245
CH3CH,*C(*)C,244
ClH H2N,*[N+],243
CO2PMB,*C(=O)OCC1=CC=C(OC)C=C1,241
OCONH,*OC(=O)N*,241
PO3H,*P(=O)(O)[O-],240
C(O)OH,*C(=O)O,234
O(CH2)2,*OCC*,228
ClH3N,*[N+],227
(CH2)3SO3Na,*CCCS(=O)(=O)[O-][Na+],223
COO'Bu,*C(=O)OC(C)(C)C,223
NHCOO,*NC(=O)O*,221
CH3COO,*OC(=O)C,219
NHCOCH2,*NC(=O)C*,219
NHCOMe,*NC(=O)C,219
NHCONOH,*NC(=O)N(O)*,217
PhCH2O,*OCC1=CC=CC=C1,206
H2O3PO,*OP(=O)(O)O,204
(CH3)2CH,*C(C)C,202
HNO2S,*NS(=O)(=O)*,202
COOCH2,*C(=O)OC*,200
NHCOCH2O,*NC(=O)CO*,198
NHCH2,*NC*,197
NHSO2CF3,*NS(=O)(=O)C(F)(F)F,196
CONH(CH2)4O,*C(=O)NCCCCO*,195
NHCO(CH2)3O,*NC(=O)CCCO*,193
O-t-Bu,*OC(C)(C)C,190
SO2H,*S(=O)O,183
CH2COO,*CC(=O)[O-],182
H3C(OH2CH2C)3O,*OCCOCCOCCOC,182
H2NO2SO,*OS(=O)(=O)N,181
CH2CH2OCH3,*CCOC,180
tBOC,*C(=O)OC(C)(C)C,179
NHCOPh,*NC(=O)C1=CC=CC=C1,173
O'Pr,*OC(C)C,172
(CH2)3O,*CCCO*,171
Bu',*C(C)(C)C,171
n-Propyl,*CCC,171
OCOEt,*C(=O)CC,170
tBoc,*C(=O)OC(C)(C)C,169
C2H4OCH3,*CCOC,168
SCH2,*SC*,168
CONH(CH2)3O,*C(=O)NCCCO*,166
H2NH2C,*CN,166
H3CO2SHN,*NS(=O)(=O)C,162
C15H31-n,*CCCCCCCCCCCCCCC,160
NHCONHCH3,*NC(=O)NC,160
NCO2Me,*N(*)C(=O)OC,159
MeSO2,*S(=O)(=O)C,158
NHCO2CH3,*NC(=O)OC,157
Boc-HN,*NC(=O)OC(C)(C)C,156
NCHO,*N(*)C=O,155
NOMe,*N(*)OC,155
C(O)NH,*C(=O)N*,154
NHCOOCH3,*NC(=O)OC,154
PBu'2,*P(C(C)(C)C)C(C)(C)C,154
PO3HNa,*P(=O)(O)[O-][Na+],154
Boc-NH,*NC(=O)OC(C)(C)C,153
TFAHN,*NC(=O)C(F)(F)F,152
MeO2SHN,*NS(=O)(=O)C,151
(CH2)4SO3Na,*CCCCS(=O)(=O)[O-][Na+],150
COCONH2,*C(=O)C(=O)N,150
H3C(H2C)7,*CCCCCCCC,150
n-octyl,*CCCCCCCC,150
NHC2H5,*NCC,149
NHCO2,*NC(=O)O*,148
TiCl2,*[Ti](*)(Cl)Cl,148
C4H9(sec),*C(C)CC,147
NCO2Et,*N(*)C(=O)OCC,146
P'Pr2,*P(C(C)C)C(C)C,146
CH2CH2CN,*CCC#N,145
N(CH2CH2Cl)2,*N(CCCl)(CCCl),145
Mes-N,*N(*)C1=C(C)C=C(C)C=C1C,144
SO3NH4,*S(=O)(=O)[O-],144
ZnCl,*[Zn]Cl,144
(HO)2OPCH2,*CP(=O)(O)O,142
H3C(H2C)2,*CCC,142
n-Pentyl,*CCCCC,142
(CH2)2OH,*CCO,141
OPO32-,*OP(=O)([O-])[O-],141
P'Bu2,*P(C(C)(C)C)C(C)(C)C,141
MeO2SN,*N(*)S(=O)(=O)C,140
SC12H25,*SCCCCCCCCCCCC,140
OTol,*OCC1=CC=C(C=C1)C,139
NHTFA,*NC(=O)C(F)(F)F,137
OC22H45,*OCCCCCCCCCCCCCCCCCCCCCC,136
CH2CH(CH3)2,*CC(C)C,135
CONHNH2,*C(=O)NN,135
CO2C12H25,*C(=O)OCCCCCCCCCCCC,134
NH HBr,*[N+](*),134
H2NCO,*C(=O)N,133
CH2COOCH3,*CC(=O)OC,131
NF2,*N(F)F,130
OC4H9(n),*OCCCC,130
CF3CF2,*C(F)(F)C(F)(F)F,129
PhSO2N,*N(*)S(=O)(=O)C1=CC=CC=C1,129
SiMe2Ph,*[Si](C)(C)C1=CC=CC=C1,129
t-BOC,*C(=O)OC(C)(C)C,128
CH2CONH,*CC(=O)N*,126
CO2CH2OCOt-Bu,*C(=O)OCOC(=O)C(C)(C)C,126
NHHCl,*[N+](*),126
CH2COONa,*CC(=O)[O-][Na+],125
PMBS,*SCC1=CC=C(OC)C=C1,125
H3CH2CO2C,*C(=O)OCC,124
SO3CH3,*S(=O)(=O)OC,123
C(CH3)2,*C(*)(C)C,120
(CH2)4SO3K,*CCCCS(=O)(=O)[O-][K+],118
HCl HN,*[N+](*),118
C2H4CN,*CCC#N,116
CONHC16H33,*C(=O)NCCCCCCCCCCCCCCCC,116
STol,*SCC1=CC=C(C=C1)C,116
CF2Br,*C(F)(F)Br,115
N(SEM)2,*N(COCC[Si](C)(C)C)COCC[Si](C)(C)C,115
CON(CH3)2,*C(=O)N(C)C,114
HN-Boc,*NC(=O)OC(C)(C)C,114
OC16H33(n),*OCCCCCCCCCCCCCCCC,114
t-butyl,*C(C)(C)C,113
N(CH2CH2OH)2,*N(CCO)CCO,112
CONHSO2CH3,*C(=O)NS(=O)(=O)C,111
O(CH2)2O,*OCCO*,111
SO2N(CH3)2,*S(=O)(=O)N(C)C,111
SO2NHCONH,*S(=O)(=O)NC(=O)N*,111
C6H13(n),*CCCCCC,110
CH2(CH2)2CH3,*CCCC,108
O(CH2CH2O)2CH3,*OCCOCCOC,108
CCl2,*C(*)(Cl)Cl,107
CH2OCH2CH3,*COCC,107
t-Bu-O,*OC(C)(C)C,107
NBOM,*N(*)COCC1=CC=CC=C1,106
PhCH2,*CC1=CC=CC=C1,105
PhCO,*C(=O)C1=CC=CC=C1,105
CH2NCO,*CN=C=O,104
HOCH2CH2,*CCO,104
COOPMB,*C(=O)OCC1=CC=C(OC)C=C1,103
NHC(O)CH3,*NC(=O)C,103
NHCOC2H5,*NC(=O)CC,103
OCH2CO2Me,*OCC(=O)OC,103
SO2CH2,*S(=O)(=O)C*,102
CH2CH2S,*CCS*,101
NHSO2C16H33,*NS(=O)(=O)CCCCCCCCCCCCCCCC,101
SO2C12H25,*S(=O)(=O)CCCCCCCCCCCC,101
BrCH2,*CBr,100
Bu(t),*C(C)(C)C,100
CF3SO3,*OS(=O)(=O)C(F)(F)F,100
CH2OCH2,*COC*,100
COHN,*C(=O)N*,100
NHCOC13H27,*NC(=O)CCCCCCCCCCCCC,100
SPMB,*SCC1=CC=C(OC)C=C1,100
F3CH2C,*CC(F)(F)F,99
O(t-Bu),*OC(C)(C)C,99
CF3SO2NH,*NS(=O)(=O)C(F)(F)F,98
(CF3)2CF,*C(F)(C(F)(F)F)C(F)(F)F,97
CH2OCONH2,*COC(=O)N,96
CONHSO2,*C(=O)NS(=O)(=O)*,96
P(DTB)2,*P(C1=CC(=CC(=C1)C(C)(C)C)C(C)(C)C)C1=CC(=CC(=C1)C(C)(C)C)C(C)(C)C,96
CH2CH2COOH,*CCC(=O)O,95
CH2CH2NH2,*CCN,95
HNBoc,*NC(=O)OC(C)(C)C,94
Ph3CHN,*NC(C1=CC=CC=C1)(C2=CC=CC=C2)C3=CC=CC=C3,94
t-Boc,*C(=O)OC(C)(C)C,94
CO2(CH2)2OH,*C(=O)OCCO,93
NHCH2CH2OH,*NCCO,93
OCOC2H5,*OC(=O)CC,93
SO2O,*S(=O)(=O)O*,93
C(O)O,*C(=O)O*,91
CH2CO2,*CC(=O)O*,91
FCH2,*CF,91
NHCPh3,*NC(C1=CC=CC=C1)(C2=CC=CC=C2)C3=CC=CC=C3,90
OCPh3,*OC(C1=CC=CC=C1)(C2=CC=CC=C2)C3=CC=CC=C3,90
ClHH2N,*[N+],89
CO2CH2Ph,*C(=O)OCC1=CC=CC=C1,89
C2H5O2C,*C(=O)OCC,88
Si(OCH2CH3)3,*[Si](OCC)(OCC)OCC,88
SO2OCH2,*S(=O)(=O)OC*,88
C12H25(n),*CCCCCCCCCCCC,87
CONHC12H25,*C(=O)NCCCCCCCCCCCC,87
DMT-O,*OC(C1=CC=CC=C1)(C2=CC=C(C=C2)OC)C3=CC=C(C=C3)OC,87
(CH2)2O,*CCO*,86
O(CH2)2O(CH2)17CH3,*OCCOCCCCCCCCCCCCCCCCCC,86
OCH2COOH,*OCC(=O)O,86
Sn(n-Bu)3,*[Sn](CCCC)(CCCC)CCCC,86
CH2COOK,*CC(=O)[O-][K+],85
CONHC4H9(n),*C(=O)NCCCC,85
NHSO2C16H33-n,*NS(=O)(=O)CCCCCCCCCCCCCCCC,85
TolO,*OCC1=CC=C(C=C1)C,85
BrH2C,*CBr,84
ClH HN,*[N+](*),84
CONHCN,*C(=O)NC#N,84
MeHNO2S,*S(=O)(=O)NC,84
NH-Fmoc,*NCC(=O)OCC1C3C(C2C1C=CC=C2)C=CC=C3,84
'BuO,*OC(C)(C)C,83
COO-Na+,*C(=O)[O-][Na+],83
Fmoc-HN,*NCC(=O)OCC1C3C(C2C1C=CC=C2)C=CC=C3,83
ONHS,*ON1C(CCC1=O)=O,83
(HO)2OPH2C,*CP(=O)(O)O,82
(iBu)2P,*P(CC(C)C)CC(C)C,82
CH2CH2CH2OH,*CCCO,82
CO2CH2,*C(=O)OC*,82
OPO3,*OP(=O)([O-])[O-],82
CH2CONH2,*CC(=O)N,81
NH2 HBr,*[N+],81
NHNHCOCONH,*NNC(=O)C(=O)N*,81
ZrMe2,*[Zr](*)(C)C,81
CH2CO2Et,*CC(=O)OCC,79
F2N,*N(F)F,79
NHCOC3F7,*NC(=O)C(F)(F)C(F)(F)C(F)(F)F,79
NHCONHEt,*NC(=O)NCC,79
NHCOOMe,*NC(=O)OC,79
nHex,*CCCCCC,79
C22H45O,*OCCCCCCCCCCCCCCCCCCCCCC,78
CF2CO2Et,*C(F)(F)C(=O)OCC,78
F3COCHN,*NC(=O)C(F)(F)F,78
OCH2CONH,*OCC(=O)N*,78
P(iBu)2,*P(CC(C)C)CC(C)C,78
BOC-HN,*NC(=O)OC(C)(C)C,77
Cl2HC,*C(Cl)Cl,77
NNHTs,*N(*)NS(=O)(=O)C1=CC=C(C)C=C1,77
SO2OH,*S(=O)(=O)O,77
ClZn,*[Zn]Cl,76
NBnCbz,*N(CC1=CC=CC=C1)C(=O)OCC2=CC=CC=C2,76
CH2NHSO2,*CNS(=O)(=O)*,75
CO2-t-Bu,C(=O)OC(C)(C)C,75
NHNHBoc,*NNC(=O)OC(C)(C)C,75
O(CH2)3O(CH2)15CH3,*OCCCOCCCCCCCCCCCCCCCC,75
PhMe2Si,*[Si](C)(C)C1=CC=CC=C1,75
(H3C)2Si,*[Si](*)(C)C,74
PhCONH,*NC(=O)C1=CC=CC=C1,73
CH2CH2NHSO2CH3,*CCNS(=O)(O)C,71
C(O)OCH3,*C(=O)OC,70
CH2OCOCH3,*COC(=O)C,70
CONHC4H9,*C(=O)NCCCC,70
MeOCHN,*NC(=O)C,70
OC12H25-n,*OCCCCCCCCCCCC,70
OCH2COOCH3,*OCC(=O)OC,70
(CH3O)3Si,*[Si](OC)(OC)OC,69
CH2C6H5,*CC1=CC=CC=C1,69
ClCH2,*CCl,69
nButyl,*CCCC,69
OCOCF3,*OC(=O)C(F)(F)F,69
CONHCD3,*C(=O)NC([2H])([2H])[2H],68
CONHNH,*C(=O)NN*,68
H4NO3S,*S(=O)(=O)[O-],68
iso-C3H7,*C(C)C,68
NHNHCO,*NNC(=O)*,68
C3H7(iso),*C(C)C,67
CH2CH2NH,*CCN*,67
COCH2,*C(=O)C*,67
iso-Bu,*CC(C)C,67
NHTBS,*N[Si](C)(C)C(C)(C)C,67
S(O)2Me,*S(=O)(=O)C,67
t-Butyl,*C(C)(C)C,67
(BnO)2OPO,*OP(=O)(OCC1=CC=CC=C1)OCC2=CC=CC=C2,66
C(O)Me,*C(=O)C,66
THPOHN,*NOC1CCCCO1,66
(CF2)7CF3,*C(F)(F)C(F)(F)C(F)(F)C(F)(F)C(F)(F)C(F)(F)C(F)(F)C(F)(F)F,65
COOC14H29,*C(=O)OCCCCCCCCCCCCCC,65
OC2H4OC2H4O,*OCCOCCO*,65
BnON,*N(*)OCC1=CC=CC=C1,64
CF3CF2CF2,*C(F)(F)C(F)(F)C(F)(F)F,64
ClF2C,*C(F)(F)Cl,64
CONHC3H7,*C(=O)NCCC,64
HOHNOC,*C(=O)NO,64
NHCO(CH2)3,*NC(=O)CCC*,64
POPh2,*P(=O)(C1=CC=CC=C1)C2=CC=CC=C2,64
CO2C16H33,*C(=O)OCCCCCCCCCCCCCCCC,63
CO2CH2CH2OH,*C(=O)OCCO,63
Methyl,*C,63
NCbzMe,*N(C(=O)OCC1=CC=CC=C1)C,63
O(CH2)17CH3,*OCCCCCCCCCCCCCCCCCC,63
AllylO,*OC=C,62
CH3NHCO,*C(=O)NC,62
NHC(O),*NC(=O)*,62
ODMB,*OCC1=CC=C(C=C1OC)OC,62
FO2SO,*OS(=O)(=O)F,61
NHSO2C12H25,*NS(=O)(=O)CCCCCCCCCCCC,61
ClH2C,*CCl,60
C(O)CH3,*C(=O)C,59
CH3CH2OOC,*C(=O)OCC,59
CH3CO2,*OC(=O)C,59
CO2C12H25-n,*C(=O)OCCCCCCCCCCCC,59
COOC16H33,*C(=O)OCCCCCCCCCCCCCCCC,59
OCD2CD3,*OC([2H])([2H])C([2H])([2H])[2H],59
OTDS,*OC[Si](C)(C)C(CC)(C)C,59
PO3Na2,*P(=O)([O-][Na+])[O-][Na+],59
SO2CH2CH2OSO3H,*S(=O)(=O)CCOS(=O)(=O)O,59
SO2NHMe,*S(=O)(=O)NC,59
C(CN)2,*C(*)(C#N)C#N,58
CO2C14H29,*C(=O)OCCCCCCCCCCCCCC,58
CONHCH2COONa,*C(=O)NCC(=O)[O-][Na+],58
HF2CF2CO,*OC(F)(F)C(F)(F),58
HOOCH2C,*CC(=O)O,58
SEMN,*N(*)COCC[Si](C)(C)C,58
CH2CH2COOCH3,*CCC(=O)OC,57
F2CH,*C(F)F,57
Na2O3PO,*OP(=O)([O-][Na+])[O-][Na+],57
NHCH2Ph,*NCC1=CC=CC=C1,57
OPr-n,*OCCC,57
(ClCH2CH2)2N,*N(CCCl)CCCl,56
CH2CH2CH2O,*CCCO*,56
CH2N(CH3)2,*CN(C)C,56
NHDMB,*NCC1=CC=C(C=C1OC)OC,56
PhH2C,*CC1=CC=CC=C1,56
C(O)H,*C(=O),55
CONCO,*C(=O)N=C=O,55
COONH4,*C(=O)[O-],55
H3CO2SHNOC,*C(=O)NS(=O)(=O)C,55
Me2NOC,*C(=O)N(C)C,55
MeON,*N(*)OC,55
NHSO2C4H9,*NS(=O)(=O)CCCC,55
Ph2CHO,*OC(C1=CC=CC=C1)C2=CC=CC=C2,55
(CH2)4COOH,CCCCC(=O)O,54
CF2COOEt,*C(F)(F)C(=O)OCC,54
CF3CONH,*NC(=O)C(F)(F)F,54
CH2CH2CO2H,*CCC(=O)O,54
CH2CH2SO3Na,*CCS(=O)(=O)[O-][Na+],54
CONH(CH2)3OC12H25(n),*C(=O)NCCCOCCCCCCCCCCCC,53
NHNs,*NS(=O)(=O)C1=CC=C(C=C1)[N+](=O)[O-],53
NNH2,*N(*)N,53
OSi(CH3)2C(CH3)3,*O[Si](C)(C)C(C)(C)C,53
PhCO2,*OC(=O)C1=CC=CC=C1,53
CH2OC2H5,*COCC,52
HOH2CH2C,*CCO,52
NH(BOC),*NC(=O)OC(C)(C)C,52
NH(CH2)4NH,*NCCCCN*,52
NHCH2CH2,*NCC*,52
NSO2CH3,*N(*)S(=O)(=O)C,52
NSO2Me,*N(*)S(=O)(=O)C,52
OCH2OMe,*OCOC,52
(HO)2OPO,*OP(=O)(O)O,51
C2H4SO3Na,*CCS(=O)(=O)[O-][Na+],51
CH3COHN,*NC(=O)C,51
CONHPh,*C(=O)NC1=CC=CC=C1,51
NsHN,*NS(=O)(=O)C1=CC=C(C=C1)[N+](=O)[O-],51
OC12H25(n),*OCCCCCCCCCCCC,51
OCO2Et,*OC(=O)OCC,51
C25H51OCO,*OC(=O)CCCCCCCCCCCCCCCCCCCCCCCCC,50
CHFCH3,*C(F)C,50
CONHCH2CH2,*C(=O)NCC*,50
H3C(H2C)17,*CCCCCCCCCCCCCCCCCC,50
NHCOC15H31,*NC(=O)CCCCCCCCCCCCCCC,50
NHNHSO2,*NNS(=O)(=O)*,50
OCO2Me,*OC(=O)OC,50
P(O)(OH)(ONa),*P(=O)(O)[O-][Na+],50
P(Ph)2,*P(C1=CC=CC=C1)C2=CC=CC=C2,50
SO2CHBr2,*S(=O)(=O)C(Br)Br,50
CONHCH2COOH,*C(=O)NCC(=O)O,49
CONHCONH,*C(=O)NC(=O)N*,49
H3COCH2,*COC,49
HNCOCH3,*NC(=O)C,49
NCO2PNB,*N(*)C(=O)OCC1=CC=C(C=C1)[N+](=O)[O-],49
Si(CH3)2,*[Si](*)(C)C,49
trityl,*C(C1=CC=CC=C1)(C2=CC=CC=C2)C3=CC=CC=C3,49
C2H4NHSO2CH3,*CCNS(=O)(=O)C,48
CH2PO3H2,*CP(=O)(O)O,48
CH3O2S,*S(=O)(=O)C,48
CO2NH2,*C(=O)ON,48
NHOBn,*NOCC1=CC=CC=C1,48
OC14H29-n,*OCCCCCCCCCCCCCC,48
SEM-N,*N(*)COCC[Si](C)(C)C,48
SO2NHCH2CH2NH,*S(=O)(=O)NCCN*,48
CH2CH2CF3,*CCC(F)(F)F,47
CH2CO2Na,*CC(=O)[O-][Na+],47
CONHtBu,*C(=O)NC(C)(C)C,47
n-C3F7,*CCC,47
NHC3H7,*NCCC,47
NHiBu,*NCC(C)C,47
OBu-n,*OCCCC,47
Ph3P+,*[P+](C1=CC=CC=C1)(C2=CC=CC=C2)C3=CC=CC=C3,47
PhCOO,*OC(=O)C1=CC=CC=C1,47
(CH2)6O,*CCCCCCO*,46
allyl,*C=C,46
BOC-NH,*NC(=O)OC(C)(C)C,46
C13H27CONH,*NC(=O)CCCCCCCCCCCCC,46
C2H4COOCH3,*CCC(=O)OC,46
CF3CH2O,*OCC(F)(F)F,46
CF3SO2O,*OS(=O)(=O)C(F)(F)F,46
CH2CH2N(CH3)2,*CCN(C)C,46
CH2CH2OC2H5,*CCOCC,46
F3CO2SO,*OS(=O)(=O)C(F)(F)F,46
H3COH2CO,*OCOC,46
NH-BOC,*NC(=O)OC(C)(C)C,46
N'Pr2,*N(C(C)C)C(C)C,46
OHCHN,*NC=O,46
Ph2HC,*C(C1=CC=CC=C1)C2=CC=CC=C2,46
SiMe2H,*[Si](C)C,46
(C2H5O)3Si,*[Si](OCC)(OCC)OCC,45
CO2Fmoc,*C(=O)OCC(=O)OCC1C3C(C2C1C=CC=C2)C=CC=C3,45
H2CH2CH2C,*CCC*,45
NHCO2PNB,*NC(=O)OCC1=CC=C(C=C1)[N+](=O)[O-],45
OSO3-Na+,*OS(=O)(=O)[O-][Na+],45
SCH2COOH,*SCC(=O)O,45
F3CF2CH2C,*CC(F)(F)C(F)(F)F,44
SO2C12H25-n,*S(=O)(=O)CCCCCCCCCCCC,44
SO2CH2CH3,*S(=O)(=O)CC,44
(CH2)6NCO,*CCCCCCN=C=O,43
CO2CH2CH2TMS,*C(=O)OCC[Si](C)(C)C,43
CO2'Pr,*C(=O)OC(C)C,43
NHC(CH3)3,*NC(C)(C)C,43
NHCOC17H35,*NC(=O)CCCCCCCCCCCCCCCCC,43
n-hexyl,*CCCCCC,43
OC2H4F,*OCCF,43
CH2COOEt,*CC(=O)OCC,42
CO2CHPh2,*C(=O)OC(C1=CC=CC=C1)C2=CC=CC=C2,42
COOPh,*C(=O)OC1=CC=CC=C1,42
n-C12H25O,*OCCCCCCCCCCCC,42
NHNH2 HCl,*N[N+],42
OPO3Na2,*OP(=O)([O-][Na+])[O-][Na+],42
S(O)Me,*S(=O)C,42
(CH2)3SO2,*CCCS(=O)(=O)*,41
(CH3)2CHO,*OC(C)C,41
CH2CH2CO2CH3,*CCC(=O)OC,41
CH2CH2F,*CCF,41
EtOCO,*OC(=O)CC,41
NHCOCH2CH3,*NC(=O)CC,41
OSi'BuPh2,*O[Si](C1=CC=CC=C1)(C2=CC=CC=C2)C(C)(C)C,41
CF3SO2,*S(=O)(=O)C(F)(F)F,40
CO2C16H33-n,*C(=O)OCCCCCCCCCCCCCCCC,40
F2HCF2CO,*C(=O)C(F)(F)C(F)(F),40
HClH2N,*[N+],40
nC12H25,*CCCCCCCCCCCC,40
NH2SO2,*S(=O)(=O)N,40
O(CH2)2OCO,*OCCOC(=O)*,40
OCO2PNB,*OC(=O)OCC1=CC=C(C=C1)[N+](=O)[O-],40
OCOOPNB,*OC(=O)OCC1=CC=C(C=C1)[N+](=O)[O-],40
OH2CH2C,*OCC*,40
OPO(OH)2,*OP(=O)(O)O,40
'PrO,*OC(C)C,40
SiPhMe2,*[Si](C)(C)C1=CC=CC=C1,40
SO2N(C2H5)2,*S(=O)(=O)N(CC)CC,40
(CH2)2CO2Me,*CCC(=O)OC,39
(n)C12H25,*CCCCCCCCCCCC,39
(n)C4H9O,*OCCCC,39
CH2CH2NHSO2Me,*CCNS(=O)(=O)C,39
CH2CH2Ph,*CCC1=CC=CC=C1,39
CH2SO3Na,*CS(=O)(=O)[O-][Na+],39
CO2CH2CF3,*C(=O)OCC(F)(F)F,39
CO2n-Bu,*C(=O)OCCCC,39
CONHt-Bu,*C(=O)NC(C)(C)C,39
ICH2,*CI,39
Me2C,*C(*)(C)C,39
NHCO2Bn,NC(=O)OCC1=CC=CC=C1,39
OC(O)CH3,*OC(=O)C,39
SO2C2H4OSO3H,*S(=O)(=O)CCOS(=O)(=O)O,39
SO2C2H5,*S(=O)(=O)CC,39
(CH2)2COOH,*CCC(=O)O,38
Bu'O,*OC(C)(C)C,38
CH2CF2CF3,*CC(F)(F)C(F)(F)F,38
Cl2Si,*[Si](*)(Cl)Cl,38
H3CH2COOC,*C(=O)OCC,38
HOOCCH2,*CC(=O)O,38
NHCOC2H4,*NC(=O)CC*,38
NHCONHPh,*NC(=O)NC1=CC=CC=C1,38
Nt-Bu,*N(*)C(C)(C)C,38
OCO2CH3,*OC(=O)OC,38
OSi'BuMe2,*O[Si](C)(C)C(C)(C)C,38
(HOH2C)2N,*N(CO)CO,37
(MeO)2MeSi,*[Si](C)(OC)OC,37
Bu'OOC,*C(=O)OC(C)(C)C,37
CH2NMe2,*CN(C)C,37
CO2n-Pr,*C(=O)OCCC,37
EtO(O)C,*C(=O)OCC,37
HfCl2,*[Hf](*)(Cl)Cl,37
O(CH2)2OH,*OCCO,37
O(CH2)4SO3Na,*OCCCCS(=O)(=O)[O-][Na+],37
OBzh,*OC(=O)OC(C1=CC=CC=C1)C2=CC=CC=C2,37
Sn(nBu)3,*[Sn](CCCC)(CCCC)CCCC,37
SO2Bu,*S(=O)(=O)CCCC,37
TiMe2,*[Ti](*)(C)C,37
(CH2)3OH,*CCCO,36
'BuOOC,*C(=O)OC(C)(C)C,36
C2H5OCO,*OC(=O)CC,36
CF2CO2H,*C(F)(F)C(=O)O,36
n-Butyl,*CCCC,36
NHCH2CH2SO3Na,*NCCS(=O)(=O)[O-][Na+],36
NHOMe,*NOC,36
NOSO2CF3,*N(*)OS(=O)(=O)C(F)(F)F,36
O(CH2)9CH3,*OCCCCCCCCCC,36
OC3H7-i,*OC(C)C,36
OCH2CH2SCH2CO2H,*OCCSCC(=O)O,36
OP(OH)2,*OP(O)O,36
SO3Me,*S(=O)(=O)OC,36
(CH2CH2O)2CH3,*CCOCCOC,35
C4H9OCH2,*COCCCC,35
CH(OCH3)2,*C(OC)OC,35
CO2Allyl,*C(=O)OC=C,35
COOC4H9(n),C(=O)OCCCC,35
n-Bu3Sn,*[Sn](CCCC)(CCCC)CCCC,35
n-C6H13O,*OCCCCCC,35
P(O)3H2,*P(=O)(O)O,35
SiMe2Cl,*[Si](C)(C)Cl,35
(CH2)23Me,*CCCCCCCCCCCCCCCCCCCCCCCC,34
(H3C)2CH,*C(C)C,34
B(pin),*B1OC(C(O1)C)(C)C,34
C16H33(n),*CCCCCCCCCCCCCCCC,34
C2H5NH,*NCC,34
CH(OEt)2,*C(OCC)OCC,34
HC(CH3)2,*C(C)C,34
NCOCH3,*N(*)C(=O)C,34
NHCOOC2H5,*NC(=O)OCC,34
NHFMOC,*NCC(=O)OCC1C3C(C2C1C=CC=C2)C=CC=C3,34
NHSO3,*NS(=O)(=O)[O-],34
OC14H29(n),*OCCCCCCCCCCCCCC,34
SC2H4SO3Na,*SCCS(=O)(=O)[O-][Na+],34
SiCl2,*[Si](*)(Cl)Cl,34
(CH2)3SO3K,*CCCS(=O)(=O)[O-][K+],33
(H3C)HN,*NC,33
C9H19(n),*CCCCCCCCC,33
CF2CF2Br,*C(F)(F)C(F)(F)Br,33
N(CH2COOCH3)2,*N(CC(=O)OC)CC(=O)OC,33
NH2CH2,*CN,33
NHCOC4H9(t),*NC(=O)C(C)(C)C,33
O(CH2)2CN,*OCCC#N,33
OSi(iPr)3,*O[Si](C(C)C)(C(C)C)C(C)C,33
PrO2SO,*OS(=O)(=O)CCC,33
BPMO,*OCC1=CC=C(OC)C=C1,32
C2H4OC2H5,*CCOCC,32
CH(SEt)2,*C(SCC)SCC,32
CH2ONO2,*CO[N+](=O)[O-],32
CHF2O,*OC(F)F,32
nC6H13,*CCCCCC,32
NHC4H9,*NCCCC,32
NHCO2tBu,*NC(=O)OC(C)(C)C,32
NHCOC3H7,*NC(=O)CCC,32
OC3H6,*OCCC*,32
OCH2CH(CH3)2,*OCC(C)C,32
P(OBn)2,*P(OCC1=CC=CC=C1)OCC2=CC=CC=C2,32
Ph2HCO,*OC(C1=CC=CC=C1)C2=CC=CC=C2,32
(CF2CF2)3F,*C(F)(F)C(F)(F)C(F)(F)C(F)(F)C(F)(F)C(F)(F)F,31
C12H25S,*SCCCCCCCCCCCC,31
C3H6OH,*CCCO,31
F2CHO,*OC(F)F,31
H3CO(O)C,*C(=O)OC,31
H3CO2SO,*OS(=O)(=O)C,31
NH2HNO3,*[N+],31
NHCH(CH3)2,*NC(C)C,31
NHCOCH2CH2N(CH3)2,*NC(=O)CCN(C)C,31
NHSO2NHPh,*NS(=O)(=O)NC1=CC=CC=C1,31
OPPh2,*OP(C1=CC=CC=C1)C2=CC=CC=C2,31
SiMe(OMe)2,*[Si](C)(OC)OC,31
SO2NHC12H25,*S(=O)(=O)NCCCCCCCCCCCC,31
TBDMSiO,*O[Si](C)(C)C(C)(C)C,31
(CF2)6H,*C(F)(F)C(F)(F)C(F)(F)C(F)(F)C(F)(F)C(F)(F),30
(CF2CF2)2F,*C(F)(F)C(F)(F)C(F)(F)C(F)(F)F,30
C(O)Cl,*C(=O)Cl,30
CH2CO2C3H7,*CC(=O)OCCC,30
CH2POPh2,*CP(=O)(C1=CC=CC=C1)C2=CC=CC=C2,30
CO2(CH2)2OEt,*C(=O)OCCOCC,30
CO2CH2CH2CH2CH3,*C(=O)OCCCC,30
CONHC3H7(n),*C(=O)NCCC,30
COOCH2CH2,*C(=O)OCC*,30
D3CHNOC,*C(=O)NC([2H])([2H])[2H],30
H2NOCO,*OC(=O)N,30
MeHNOC,*C(=O)NC,30
N(CH2COOH)2,*N(CC(=O)O)CC(=O)O,30
NC(O)CCl3,*N(*)C(=O)C([Cl])([Cl])[Cl],30
NHCOCH2CH2COOH,*NC(=O)CCC(=O)O,30
OCH2CH2OC2H5,*OCCOCC,30
OP(O)(OH)2,*OP(=O)(O)O,30
PMBO2C,*C(=O)OCC1=CC=C(OC)C=C1,30
SO2C4F9,*S(=O)(=O)C(F)(F)C(F)(F)C(F)(F)C(F)(F)F,30
SO2CH2CO2H,*S(=O)(=O)CC(=O)O,30
TBDPSiO,*O[Si](C(C)(C)C)(C1=CC=CC=C1)C2=CC=CC=C2,30
t-BuHNOC,*C(=O)NC(C)(C)C,30
tButylO2C,*C(=O)OC(C)(C)C,30
CF2CH3,*C(F)(F)C,29
CH(CH3)OCH2CH3,*C(C)OCC,29
CH(OH)CH3,*C(O)C,29
CH3(H2C)8,*CCCCCCCCC,29
CONH(CH2)4,*C(=O)NCCCC*,29
CONHCHPh2,*C(=O)NC(C1=CC=CC=C1)C2=CC=CC=C2,29
HO3SOH2CH2CO2S,*S(=O)(=O)CCOS(=O)(=O)O,29
MeS(O)2,*S(=O)(=O)C,29
n-C5H11O,*OCCCCC,29
NHC12H25,*NCCCCCCCCCCCC,29
NHSiMe3,*N[Si](C)(C)C,29
PtBu2,*P(C(C)(C)C)C(C)(C)C,29
Si(OCH3)2,*[Si](*)(OC)OC,29
Si(OMe)2,*[Si](*)(OC)OC,29
SO2NHEt,*S(=O)(=O)NCC,29
SO2SO2,*S(=O)(=O)S(=O)(=O)*,29
(CH2)2NH2,*CCN,28
(CH3)3COOC,*C(=O)OC(C)(C)C,28
'C4H9,*C(C)(C)C,28
CH3SO3,*OS(=O)(=O)C,28
CMe2,*C(*)(C)C,28
CO2(CH2)2NMe2,*C(=O)OCCN(C)C,28
CONH(CH2)3OC12H25,*C(=O)NCCCOCCCCCCCCCCCC,28
HO2C(H2C)7,*CCCCCCCC(=O)O,28
n-C4H9O,*OCCCC,28
NHCO2CH2CH2N(CH3)2,*NC(=O)OCCN(C)C,28
NHCOCH2CH2,*NC(=O)CC*,28
NHCOOCH2,*NC(=O)OC*,28
OCH2CO2CH3,*OCC(=O)OC,28
OSiPh2But,*O[Si](C1=CC=CC=C1)(C2=CC=CC=C2)C(C)(C)C,28
SO2N(PMB)2,*S(=O)(=O)N(CC1=CC=C(OC)C=C1)CC2=CC=C(OC)C=C2,28
SO2Tol,*S(=O)(=O)CC1=CC=C(C=C1)C,28
(CF2)6CF3,*C(F)(F)C(F)(F)C(F)(F)C(F)(F)C(F)(F)C(F)(F)C(F)(F)F,27
(CH2)3H,*CCC,27
(CH2)5COOH,*CCCCCC(=O)O,27
(H3C)3CO2C,*C(=O)OC(C)(C)C,27
(n)C16H33O,*OCCCCCCCCCCCCCCCC,27
CH(OMe)2,*C(OC)OC,27
CH2NHCH3,*CNC,27
CONHC2H5,*C(=O)NCC,27
COOC12H25(n),*C(=O)OCCCCCCCCCCCC,27
NHCOCCl3,*NC(=O)C(Cl)(Cl)Cl,27
NHCOOBn,*NC(=O)OCC1=CC=CC=C1,27
NHCOOC(CH3)3,*NC(=O)OC(C)(C)C,27
O(CH2)2OCH3,*OCCOC,27
OBu',*OC(C)(C)C,27
OCH2C6H5,*OCC1=CC=CC=C1,27
SO2C(CH3)3,*S(=O)(=O)C(C)(C)C,27
tBuMe2SiO,*O[Si](C)(C)C(C)(C)C,27
(CH3O)2Si,*[Si](*)(OC)OC,26
C16H33-n,*CCCCCCCCCCCCCCCC,26
CCl2F,*C(Cl)(Cl)F,26
CH2(CH2)6CH3,*CCCCCCCC,26
CH2CH2CONH,*CCC(=O)N*,26
CH2OC(O)CH3,*COC(=O)C,26
CH2OC4H9,*COCCCC,26
CH3O(CH2)3O,*OCCCOC,26
CO2C12H25(n),*C(=O)OCCCCCCCCCCCC,26
CO2CMe3,*C(=O)OC(C)(C)C,26
COCHCl2,*C(=O)C(Cl)Cl,26
CONH(CH2)6NHCO(CH2)4,*C(=O)NCCCCCCNC(=O)CCCC*,26
HO(O)C,*C(=O)O,26
MeO(H2C)2,*CCOC,26
NaOSO2,*S(=O)(=O)[O-][Na+],26
NHCH2CH3,*NCC,26
NHCOC3H7(i),*NC(=O)C(C)C,26
NHNHBOC,*NNC(=O)OC(C)(C)C,26
O(CH2)3SO3H,*OCCCS(=O)(=O)O,26
O(CH2)7CH3,*OCCCCCCCC,26
OCOOEt,*OC(=O)OCC,26
SCH2CH2COOH,*SCCC(=O)O,26
SCH2CHMe2,*SCC(C)C,26
SO2C16H33,*S(=O)(=O)CCCCCCCCCCCCCCCC,26
(HO)2PO,*OP(O)O,25
(O)CHN,*C(=O)N*,25
C12H25O2C,*C(=O)OCCCCCCCCCCCC,25
C15H31(n),*CCCCCCCCCCCCCCC,25
C4H9(tert),*C(C)(C)C,25
C7H15-n,*CCCCCCC,25
CF2OCH3,*C(F)(F)OC,25
CH2CCl3,CC(Cl)(Cl)Cl,25
CH2CH2CH2CH2OH,*CCCCO,25
CH2CH2OCH2CH3,*CCOCC,25
CH2NHCO,*CNC(=O)*,25
CH3SO2HN,*NS(=O)(=O)C,25
H3C(H2C)4,*CCCCC,25
N(CH2CO2H)2,*N(CC(=O)O)CC(=O)O,25
N(CH3)3+,*[N+](C)(C)C,25
NCOCF3,*N(*)C(=O)C(F)(F)F,25
NHCSNHPh,*NC(=S)NC1=CC=CC=C1,25
OC2H4O,*OCCO*,25
OC3H7-n,*OCCC,25
OCF2CHF2,*OC(F)(F)C(F)F,25
OCH2SCH3,*OCSC,25
OCONHMe,*OC(=O)NC,25
OSiMe2'Bu,*O[Si](C)(C)C(C)(C)C,25
P(t-Bu)2,*P(C(C)(C)C)C(C)(C)C,25
SCOCH3,*SC(=O)C,25
SCPh3,*SC(C1=CC=CC=C1)(C2=CC=CC=C2)C3=CC=CC=C3,25
SO2NHC4H9,*S(=O)(=O)NCCCC,25
Tosyl,*S(=O)(=O)C1=CC=C(C)C=C1,25
(CH2)2NHSO2,*CCNS(=O)(=O)*,24
(n-Bu)3Sn,*[Sn](CCCC)(CCCC)CCCC,24
C(O)NHMe,*C(=O)NC,24
C2H5HN,*NCC,24
CCl2H,*C(Cl)Cl,24
CH2OSO2,*COS(=O)(=O)*,24
CH2SO2,*CS(=O)(=O),24
CH3OCH2CH2,*CCOC,24
CHPh2,*C(C1=CC=CC=C1)C2=CC=CC=C2,24
H2NSO2O,*OS(=O)(=O)N,24
HOSO2,*S(=O)(=O)O,24
MePh2Si,*[Si](C1=CC=CC=C1)(C2=CC=CC=C2)C,24
N(SO2CF3)2,*N(S(=O)(=O)C(F)(F)F)S(=O)(=O)C(F)(F)F,24
N(TMS)2,*N([Si](C)(C)C)[Si](C)(C)C,24
NCH2CH2OH,*N(*)CCO,24
NCH2CH3,*N(*)CC,24
NHSO2C4H9-n,*NS(=O)(=O)CCCC,24
O(CH2)2OC2H5,*OCCOCC,24
O(CH2CH2)3CH3,*OCCCCCCC,24
OC4H9-n,*OCCCC,24
OCH2CH2Cl,*CCCl,24
OCH2CH2SCH2COOH,*CCSCC(=O)O,24
PhHNOC,*C(=O)NC1=CC=CC=C1,24
PhOCH2,*COC1=CC=CC=C1,24
PhOCO,*OC(=O)C1=CC=CC=C1,24
SCHF2,*SC(F)F,24
Si(CH3)2H,*[Si](C)C,24
tBuPh2SiO,*O[Si](C1=CC=CC=C1)(C2=CC=CC=C2)C(C)(C)C,24
(CH2)3COOH,*CCCC(=O)O,23
(CH2)3COONa,*CCCC(=O)[O-][Na+],23
(CH2CH2O)3CH3,*CCOCCOCCOC,23
CD2OH,*C([2H])([2H])O,23
CH2CH2OCH2CH2CH2NH2,*CCOCCCN,23
CH2CO2But,*CC(=O)OC(C)(C)C,23
CO2C4H9(n),*C(=O)OCCCC,23
CO2C6H5,*C(=O)OC1=CC=CC=C1,23
CO2CH2C6H5,*C(=O)OCC1=CC=CC=C1,23
H3CSO2,*S(=O)(=O)C,23
HOCH2CH2O,*OCCO,23
NH(CH2)4,*NCCCC*,23
SCH2CH3,*SCC,23
SO2NHCO,*S(=O)(=O)NC(=O)*,23
(CH2)2SO3Na,*CCS(=O)(=O)[O-][Na+],22
(CH2)4OH,*CCCCO,22
CH2CH2OCH2CH2OH,*CCOCCO,22
CH2OCF3,*COC(F)(F)F,22
CO2(CH2)2OMe,*C(=O)OCCOC,22
F3CSO2,*S(=O)(=O)C(F)(F)F,22
O(CH2)2F,*OCCF,22
OSO2Pr,*OS(=O)(=O)CCC,22
Si(Ph)3,*[Si](C1=CC=CC=C1)(C2=CC=CC=C2)C3=CC=CC=C3,22
SO2NHC(CH3)3,*S(=O)(=O)NC(C)(C)C,22
SO2NHtBu,*S(=O)(=O)NC(C)(C)C,22
(CH2)5CO2H,*CCCCCC(=O)O,21
(CH3)3CCONH,*NC(=O)C(C)(C)C,21
C(CH3)2OH,*C(C)(C)O,21
CH3OCH2O,*OCOC,21
COOCH2CH2OH,*C(=O)OCCO,21
N(CH2OH)2,*N(CO)CO,21
NH(CH2)6NH,*NCCCCCCN*,21
NHCH2CH2NH2,*NCCN,21
NHCOC(CH3)3,*NC(=O)C(C)(C)C,21
NHOCH3,*NOC,21
OCF2CF2OCF2CH2O,*OC(F)(F)C(F)(F)OC(F)(F)CO*,21
OCH2CH2CH2,*OCCC*,21
OCH2CH2CH2CO2H,*OCCCC(=O)O,21
OSO2C12H25-n,*OS(=O)(=O)CCCCCCCCCCCC,21
PO(ONa)2,*P(=O)([O-][Na+])[O-][Na+],21
SCF2CF2SO3H,*SC(F)(F)SC(F)(F)S(=O)(=O)O,21
SCH2CH2CO2H,*SCCC(=O)O,21
(CH2)3NH2,*CCCN,20
(CH2)4NH,*CCCCN*,20
B(O'Pr)2,*B(OC(C)C)OC(C)C,20
C2H4SO2NH,*CCS(=O)(=O)N*,20
CF3(CF2)2CH2,*CC(F)(F)C(F)(F)C(F)(F)F,20
CH2CO2C2H5,*CC(=O)OCC,20
CH2SCF3,*CSC(F)(F)F,20
COOCH2C6H5,*C(=O)OCC1=CC=CC=C1,20
COOCHPh2,*C(=O)OC(C1=CC=CC=C1)C2=CC=CC=C2,20
N(CH2OCH3)2,*N(COC)COC,20
NHCH2CO2H,*NCC(=O)O,20
NHNH2HCl,*N[N+],20
O(CH2)3N(nBu)2,*OCCCN(CCCC)CCCC,20
OCH2OC2H4OCH3,*OCOCCOC,20
OSitBuPh2,*O[Si](C1=CC=CC=C1)(C2=CC=CC=C2)C(C)(C)C,20
PhOCHN,*NC(=O)C1=CC=CC=C1,20
SCH2F,*SCF,20
SO2CH2CH2OH,*S(=O)(=O)CCO,20
BuSO2,*S(=O)(=O)CCCC,19
F3C(F2C)5,*C(F)(F)C(F)(F)C(F)(F)C(F)(F)C(F)(F)C(F)(F)F,19
HCF2,*C(F)F,19
OCH2CF2CF2H,*OCC(F)(F)C(F)F,19
OSiPh2'Bu,*O[Si](C1=CC=CC=C1)(C2=CC=CC=C2)C(C)(C)C,19
PhOOC,*C(=O)OC1=CC=CC=C1,19
Pr',*C(C)C,19
CH2(CF2)3CF3,*CC(F)(F)C(F)(F)C(F)(F)C(F)(F)F,18
CHF2CH2O,*OCC(F)F,18
CO2Bu',*C(=O)OC(C)(C)C,18
FCl2C,*C(Cl)(Cl)F,18
OCH2CF2H,*OCC(F)F,18
OSiBu'Me2,*O[Si](C)(C)C(C)(C)C,18
SCF2CF3,*SC(F)(F)C(F)(F)F,18
SCFCl2,*SC(F)(Cl)Cl,18
CF2CF2O,*C(F)(F)C(F)(F)O*,17
CF2CHF2,*C(F)(F)C(F)(F),17
COOBu',*C(=O)OC(C)(C)C,17
NHSO2CHF2,*NS(=O)(=O)C(F)F,17
SO2CHF2,*S(=O)(=O)C(F)(F),17
(CF2)5CF2H,*C(F)(F)C(F)(F)C(F)(F)C(F)(F)C(F)(F)C(F)(F),16
(CF2)6F,*C(F)(F)C(F)(F)C(F)(F)C(F)(F)C(F)(F)C(F)(F)F,16
CF2CF2CH2O,*C(F)(F)C(F)(F)CO*,16
OCD2CH3,*OC([2H])([2H])C,16
OCF2CF2CF3,*OC(F)(F)C(F)(F)C(F)(F)F,16
CH2(CF2)2CF3,*CC(F)(F)C(F)(F)C(F)(F)F,15
CH2CH2COOC17H35,*CCC(=O)OCCCCCCCCCCCCCCCCC,15
CH2CHF2,*CC(F)F,15
F3C(F2C)7,*C(F)(F)C(F)(F)C(F)(F)C(F)(F)C(F)(F)C(F)(F)C(F)(F)C(F)(F)F,15
N[CH(CH3)2]2,*N(C(C)C)C(C)C,15
OCH2CF2CF3,*OC(F)(F)C(F)(F)C(F)(F)F,15
OSO2CF2CO2CH2,*OS(=O)(=O)C(F)(F)C(=O)OC*,15
Pr'O,*OC(C)C,15
CF3CF2CF2O,*OC(F)(F)C(F)(F)C(F)(F)F,14
CH2CF2H,*CC(F)F,14
CO2nPr,*C(=O)OCCC,14
H2NO2C,*C(=O)ON,14
NH2HBr,*[N+],14
OCF2CF2CH2,*OC(F)(F)C(F)(F)C*,14
Si'BuMe2,*[Si](C)(C)C(C)(C)C,14
(CF2CF2)3H,*C(F)(F)C(F)(F)C(F)(F)C(F)(F)C(F)(F)C(F)(F),13
(H3C)3C(H3C)2Si,*[Si](C)(C)C(C)(C)C,13
(tert)C4H9,*C(C)(C)C,13
'BuMe2SiO,*O[Si](C)(C)C(C)(C)C,13
COO(CH2)13H,*C(=O)OCCCCCCCCCCCCC,13
DMBO,*OCC1=CC=C(C=C1OC)OC,13
H2NCH2CH2,*CCN,13
HOCH2(CH2)3,*CCCCO,13
SiPh2Me,*[Si](C1=CC=CC=C1)(C2=CC=CC=C2)C,13
SitBuMe2,*[Si](C)(C)C(C)(C)C,13
SO2(CH2)2Cl,*S(=O)(=O)CCCl,13
CF2CO2,*C(F)(F)C(=O)O*,12
CF2Me,*C(F)(F)C,12
SO2NHBu',*S(=O)(=O)NC(C)(C)C,12
Bu'2P,*P(C(C)(C)C)C(C)(C)C,11
C16H33S,*SCCCCCCCCCCCCCCCC,11
D3CHN,*NC([2H])([2H])[2H],11
N'Bu,*N(*)C(C)(C)C,11
OSiPh2tBu,*O[Si](C1=CC=CC=C1)(C2=CC=CC=C2)C(C)(C)C,11
SO2NH'Bu,*S(=O)(=O)NC(C)(C)C,11
F3CF2CO,*OC(F)(F)C(F)(F)F,10
HBr H2N,*[N+],10
O3PO,*OP(=O)([O-])[O-],10
Pr'O2C,*C(=O)OC(C)C,10
'BuO2C,*C(=O)OC(C)(C)C,9
Cl2Ti,*[Ti](*)(Cl)Cl,9
NHCO2'Bu,*NC(=O)OC(C)(C)C,9
ClH H2NHN,*N[N+],8
H4NOOC,*C(=O)[O-],8
PBut2,*P(C(C)(C)C)C(C)(C)C,8
Si'Pr3,*[Si](C(C)C)(C(C)C)C(C)C,7
Bu'O2C,*C(=O)OC(C)(C)C,6
CO2nBu,*C(=O)OCCCC,6
COO(CH2)6O,*C(=O)OCCCCCCO*,6
COO'Pr,*C(=O)OC(C)C,6
NH'Pr,*NC(C)C,6
SiiPr3,*[Si](C(C)C)(C(C)C)C(C)C,6
HCl H2NHN,*N[N+],5
NHHBr,*[N+](*),4
OSiPh2Bu',*O[Si](C1=CC=CC=C1)(C2=CC=CC=C2)C(C)(C)C,4
Si(O'Pr)3,*[Si](OC(C)C)(OC(C)C)OC(C)C,4
SO2N'Pr2,*S(=O)(=O)N(C(C)C)C(C)C,4
BrH H2N,*[N+],3
HBrH2N,*[N+],3
NPr'2,*N(C(C)C)C(C)C,3
Si(OiPr)3,*[Si](OC(C)C)(OC(C)C)OC(C)C,3
TolS,*SCC1=CC=C(C=C1)C,3
ClHHN,*[N+](*),2
B(OiPr)2,*B(OC(C)C)OC(C)C,1
But2P,*P(C(C)(C)C)C(C)(C)C,1
HClHN,*[N+](*),1
NsNH,*NS(=O)(=O)C1=CC=C(C=C1)[N+](=O)[O-],1
PMBOOC,*C(=O)OCC1=CC=C(OC)C=C1,1
BrH HN,*[N+](*),0
BrHH2N,*[N+],0
BrHHN,*[N+](*),0
Cl2Hf,*[Hf](*)(Cl)Cl,0
ClHH2NHN,*N[N+],0
HBr HN,*[N+](*),0
HBrHN,*[N+](*),0
HClH2NHN,*N[N+],0
HNO3 H2N,*[N+],0
HNO3H2N,*[N+],0
MeC(O),*C(=O)C,0
NH2 HNO3,*[N+],0
O3NH H2N,*[N+],0
O3NHH2N,*[N+],0
Pr'OOC,*C(=O)OC(C)C,0
SO2NHBut,*S(=O)(=O)NC(C)(C)C,0
SO2NiPr2,*S(=O)(=O)N(C(C)C)C(C)C,0
